קבוצה,מספר שעור,שם שעור,מחלקה במערכת שכר,סמסטר,מס.שאלון,שם השאלון,ממוצע שאלה  1,ממוצע שאלה  2,ממוצע שאלה  3,ממוצע שאלה  4,מס.שאלון.1,לומדים,מס משיבים לקורס,אחוז משיבים,KMeans_Cluster,Hierarchical_Cluster,Clusters_Combined
0,4243283,פרוייקט סריגים - פוליפשן,5.0,א,192,סקר הוראה סטודיו - א תשפד,7.0,6.33333333333333,7.0,6.0,192,13,3,23.077,0,1,"0,1"
0,4243283,פרוייקט סריגים - פוליפשן,5.0,א,192,סקר הוראה סטודיו - א תשפד,5.25,5.0,6.25,6.0,192,13,4,30.769,2,2,"2,2"
1,1000100,אנגלית טרום בסיסי,50.0,א,190,סקר הוראה שיעור (עיצוב) - א תשפד,6.77777777777778,6.88888888888889,6.88888888888889,6.55555555555556,190,16,9,56.25,0,1,"0,1"
1,1000101,אנגלית בסיסי,50.0,א,190,סקר הוראה שיעור (עיצוב) - א תשפד,5.47058823529412,5.35294117647059,5.05882352941176,4.88235294117647,190,25,17,68.0,2,2,"2,2"
1,1000102,אנגלית מתקדמים א,50.0,א,190,סקר הוראה שיעור (עיצוב) - א תשפד,6.51282051282051,6.39473684210526,6.73684210526316,5.66666666666667,190,55,39,70.909,0,1,"0,1"
1,1000103,אנגלית מתקדמים ב,50.0,א,190,סקר הוראה שיעור (עיצוב) - א תשפד,6.96551724137931,6.89655172413793,7.0,6.72413793103448,190,44,29,65.909,0,1,"0,1"
1,1000110,מבוא לאסתטיקה א',60.0,א,190,סקר הוראה שיעור (עיצוב) - א תשפד,6.33333333333333,5.80952380952381,6.71428571428571,5.95238095238095,190,36,21,58.333,0,1,"0,1"
1,1000160,יוונים ורומים ששינו את העולם,50.0,א,190,סקר הוראה שיעור (עיצוב) - א תשפד,6.44444444444444,6.55555555555556,6.77777777777778,6.25,190,25,9,36.0,0,1,"0,1"
1,1000206,בעיות יסוד בחברה הישראלית,60.0,א,190,סקר הוראה שיעור (עיצוב) - א תשפד,6.0,5.14285714285714,4.85714285714286,4.85714285714286,190,37,7,18.919,2,2,"2,2"
1,1000233,מגדר וגוף,60.0,א,190,סקר הוראה שיעור (עיצוב) - א תשפד,4.70588235294118,4.64705882352941,5.29411764705882,4.64705882352941,190,35,17,48.571,2,3,"2,3"
1,1000235,ארוטיקה באמנות,60.0,א,190,סקר הוראה שיעור (עיצוב) - א תשפד,6.96153846153846,6.96296296296296,7.0,6.92592592592593,190,36,27,75.0,0,1,"0,1"
1,1000240,אודות אוצרות-חלק א',60.0,א,190,סקר הוראה שיעור (עיצוב) - א תשפד,5.75,6.0,6.0,5.625,190,24,8,33.333,2,1,"2,1"
1,1000245,תולדות הלבוש 1,60.0,א,190,סקר הוראה שיעור (עיצוב) - א תשפד,6.94736842105263,6.86842105263158,6.92105263157895,6.76315789473684,190,62,38,61.29,0,1,"0,1"
1,1000247,מבוא לתאוריה של אופנה עכשווית,60.0,א,190,סקר הוראה שיעור (עיצוב) - א תשפד,6.95652173913043,6.95652173913043,6.95652173913043,6.95652173913043,190,38,23,60.526,0,1,"0,1"
1,1000250,עיצוב ישראלי,80.0,א,190,סקר הוראה שיעור (עיצוב) - א תשפד,6.44444444444444,6.77777777777778,6.88888888888889,6.66666666666667,190,36,18,50.0,0,1,"0,1"
1,1000251,סקס סמים ורוק בשנות ה-60,60.0,א,190,סקר הוראה שיעור (עיצוב) - א תשפד,5.25,5.75,5.5,5.75,190,39,8,20.513,2,2,"2,2"
1,1000300,הפנים השונות של אהבה,60.0,א,190,סקר הוראה שיעור (עיצוב) - א תשפד,5.94117647058824,6.23529411764706,6.58823529411765,6.23529411764706,190,40,17,42.5,0,1,"0,1"
1,1000303,עיצוב ומשפט,60.0,א,190,סקר הוראה שיעור (עיצוב) - א תשפד,5.05555555555556,4.94117647058824,5.94444444444444,4.83333333333333,190,38,18,47.368,2,2,"2,2"
1,1000416,"רובוטים, בלובים וגלשנים: מבוא לעיצוב דיגיטלי",60.0,א,190,סקר הוראה שיעור (עיצוב) - א תשפד,5.85714285714286,5.5,6.42857142857143,5.25,190,26,8,30.769,2,2,"2,2"
1,1000419,יסודות הדימוי הנע,60.0,א,190,סקר הוראה שיעור (עיצוב) - א תשפד,6.6,6.77777777777778,7.0,6.9,190,37,10,27.027,0,1,"0,1"
1,1000421,מהרדיקלי עד הפרמטרי - התפתחות העיצוב העכשווי,60.0,א,190,סקר הוראה שיעור (עיצוב) - א תשפד,6.58333333333333,6.66666666666667,6.83333333333333,6.58333333333333,190,27,12,44.444,0,1,"0,1"
1,1000438,"מפיקאסו ל""משחקי הכס"":תרבות מערבית במאות ה-20-21",60.0,א,190,סקר הוראה שיעור (עיצוב) - א תשפד,6.63636363636364,6.83333333333333,6.83333333333333,6.63636363636364,190,42,12,28.571,0,1,"0,1"
1,1013259,אינטראקציות חדשות עם בינה מלאכותית,80.0,א,192,סקר הוראה סטודיו - א תשפד,7.0,7.0,7.0,7.0,192,6,1,16.667,0,1,"0,1"
1,1013260,DESIGN PLUS,80.0,א,192,סקר הוראה סטודיו - א תשפד,7.0,7.0,7.0,7.0,192,16,5,31.25,0,1,"0,1"
1,1500100,"בחינם או ביוקר? על יצירה, טכנולוגיה וכלכלה - בחירה",80.0,א,190,סקר הוראה שיעור (עיצוב) - א תשפד,5.09090909090909,5.54545454545455,6.27272727272727,5.63636363636364,190,20,11,55.0,2,2,"2,2"
1,1500100,"בחינם או ביוקר? על יצירה, טכנולוגיה וכלכלה - בחירה",,א,190,סקר הוראה שיעור (עיצוב) - א תשפד,5.53333333333333,5.93333333333333,6.66666666666667,5.66666666666667,190,20,15,75.0,2,2,"2,2"
1,3011505,כימיה כללית 1 - תרגיל,9.0,א,191,סקר הוראה תרגול - א תשפד,4.86666666666667,5.625,4.9375,5.3125,191,49,16,32.653,2,2,"2,2"
1,3100568,מבני נתונים ואלגוריתמים-תרגיל,70.0,א,191,סקר הוראה תרגול - א תשפד,6.94444444444444,6.88888888888889,7.0,7.0,191,46,18,39.13,0,1,"0,1"
1,3102524,בסיסי נתונים-תרגיל,1.0,א,191,סקר הוראה תרגול - א תשפד,7.0,7.0,7.0,6.91666666666667,191,18,12,66.667,0,1,"0,1"
1,3102530,תכן עבודה ושיפור שיטות-תרגיל (א-סינכרוני),1.0,א,191,סקר הוראה תרגול - א תשפד,4.66666666666667,5.0,5.0,4.0,191,47,3,6.383,2,3,"2,3"
1,3102550,סטטיסטיקה 1-תרגיל,1.0,א,191,סקר הוראה תרגול - א תשפד,6.58333333333333,6.75,6.66666666666667,6.5,191,38,12,31.579,0,1,"0,1"
1,3102551,יסודות החשבונאות-תרגיל,1.0,א,191,סקר הוראה תרגול - א תשפד,5.8,5.1,6.5,5.8,191,40,10,25.0,2,2,"2,2"
1,3102565,סטטיסטיקה 2- תרגיל,1.0,א,191,סקר הוראה תרגול - א תשפד,6.61538461538462,6.61538461538462,6.92307692307692,6.69230769230769,191,50,13,26.0,0,1,"0,1"
1,3102566,יסודות התמחיר-תרגיל,1.0,א,191,סקר הוראה תרגול - א תשפד,6.375,6.25,6.5,6.42857142857143,191,43,8,18.605,0,1,"0,1"
1,3103558,סימולציה-תרגיל,1.0,א,191,סקר הוראה תרגול - א תשפד,7.0,7.0,7.0,7.0,191,16,1,6.25,0,1,"0,1"
1,3103560,חקר ביצועים 2-תרגיל,1.0,א,191,סקר הוראה תרגול - א תשפד,6.07692307692308,6.35714285714286,5.27272727272727,6.21428571428571,191,142,14,9.859,0,1,"0,1"
1,3311306,כימיה כללית-מעבדה,9.0,א,193,סקר הוראה מעבדה - א תשפד,5.66666666666667,6.28571428571429,5.57142857142857,5.28571428571429,193,12,7,58.333,2,2,"2,2"
1,3312304,כימיה אורגנית מעבדה,9.0,א,193,סקר הוראה מעבדה - א תשפד,5.61538461538462,5.69230769230769,5.38461538461539,6.0,193,32,13,40.625,2,2,"2,2"
1,3312304,כימיה אורגנית מעבדה,9.0,א,193,סקר הוראה מעבדה - א תשפד,6.375,6.5,6.5,6.375,193,32,16,50.0,0,1,"0,1"
1,3324306,מעבדה בתהליכי הפרדה וראקטורים,9.0,א,193,סקר הוראה מעבדה - א תשפד,7.0,7.0,7.0,7.0,193,14,4,28.571,0,1,"0,1"
1,3324306,מעבדה בתהליכי הפרדה וראקטורים,9.0,א,193,סקר הוראה מעבדה - א תשפד,7.0,7.0,7.0,7.0,193,14,4,28.571,0,1,"0,1"
1,3324512,דינמיקה ובקרת תהליכים - תרגיל,9.0,א,191,סקר הוראה תרגול - א תשפד,6.33333333333333,6.33333333333333,6.66666666666667,6.55555555555556,191,15,9,60.0,0,1,"0,1"
1,3401206,מעבדה בכימיה כללית ואנאורגנית,9.0,א,193,סקר הוראה מעבדה - א תשפד,7.0,7.0,7.0,7.0,193,12,4,33.333,0,1,"0,1"
1,3401206,מעבדה בכימיה כללית ואנאורגנית,6.0,א,193,סקר הוראה מעבדה - א תשפד,7.0,7.0,7.0,7.0,193,12,4,33.333,0,1,"0,1"
1,3402506,כימיה אורגנית מתקדמת-תרגיל,6.0,א,191,סקר הוראה תרגול - א תשפד,6.375,6.33333333333333,6.44444444444444,6.33333333333333,191,24,9,37.5,0,1,"0,1"
1,3403354,מעבדה לעיבוד וחומרים 1,6.0,א,193,סקר הוראה מעבדה - א תשפד,5.0,5.5,4.5,6.5,193,20,2,10.0,2,2,"2,2"
1,3403354,מעבדה לעיבוד וחומרים 1,6.0,א,193,סקר הוראה מעבדה - א תשפד,6.5,5.66666666666667,7.0,6.0,193,20,3,15.0,0,1,"0,1"
1,3403354,מעבדה לעיבוד וחומרים 1,6.0,א,193,סקר הוראה מעבדה - א תשפד,3.66666666666667,5.33333333333333,4.0,4.66666666666667,193,20,3,15.0,1,3,"1,3"
1,3403358,שיטות ואיפיון-מעבדה,6.0,א,191,סקר הוראה תרגול - א תשפד,4.33333333333333,4.0,4.33333333333333,6.0,191,19,3,15.789,2,3,"2,3"
1,3403358,שיטות ואיפיון-מעבדה,6.0,א,191,סקר הוראה תרגול - א תשפד,6.66666666666667,6.66666666666667,7.0,7.0,191,19,3,15.789,0,1,"0,1"
1,3403358,שיטות ואיפיון-מעבדה,6.0,א,191,סקר הוראה תרגול - א תשפד,4.5,4.25,4.5,5.0,191,19,4,21.053,1,3,"1,3"
1,3451200,ארגז כלים 1,10.0,א,192,סקר הוראה סטודיו - א תשפד,7.0,6.75,7.0,6.75,192,6,4,66.667,0,1,"0,1"
1,3451201,מבוא ליסודות העיצוב 1,10.0,א,192,סקר הוראה סטודיו - א תשפד,5.0,5.33333333333333,6.66666666666667,6.66666666666667,192,6,3,50.0,2,2,"2,2"
1,3452100,סטודיו עיצוב תעשייתי 1,10.0,א,192,סקר הוראה סטודיו - א תשפד,5.71428571428571,6.0,6.375,6.375,192,18,8,44.444,0,1,"0,1"
1,3452200,ארגז כלים 3 - מידול דיגיטלי,10.0,א,192,סקר הוראה סטודיו - א תשפד,6.22222222222222,6.3,6.8,6.0,192,18,10,55.556,0,1,"0,1"
1,3452250,תוכנות עיצוב ותיבם,10.0,א,192,סקר הוראה סטודיו - א תשפד,6.63636363636364,6.45454545454545,6.72727272727273,6.63636363636364,192,18,11,61.111,0,1,"0,1"
1,3453200,סטודיו עיצוב תעשייתי 3,10.0,א,192,סקר הוראה סטודיו - א תשפד,5.0,4.4,6.2,6.0,192,8,5,62.5,2,2,"2,2"
1,3500550,לוגיקה מתמטית ותורת הקבוצות-תרגיל,7.0,א,191,סקר הוראה תרגול - א תשפד,4.6,4.26666666666667,5.13333333333333,4.53333333333333,191,38,15,39.474,2,3,"2,3"
1,3501501,מערכות ספרתיות - תרגיל,7.0,א,191,סקר הוראה תרגול - א תשפד,6.77777777777778,6.44444444444444,6.55555555555556,6.66666666666667,191,16,9,56.25,0,1,"0,1"
1,3501565,תכנות 1 - תרגיל,7.0,א,191,סקר הוראה תרגול - א תשפד,4.6875,5.0,5.875,4.13333333333333,191,23,16,69.565,2,2,"2,2"
1,3502506,מבוא להסתברות וסטטיסטיקה-תרגיל,70.0,א,191,סקר הוראה תרגול - א תשפד,6.75,6.625,6.75,6.875,191,20,8,40.0,0,1,"0,1"
1,3502510,מבני נתונים-תרגיל,7.0,א,191,סקר הוראה תרגול - א תשפד,6.8,6.6,6.8,6.8,191,17,5,29.412,0,1,"0,1"
1,3502562,תכנות 3 - תרגיל,7.0,א,191,סקר הוראה תרגול - א תשפד,5.16666666666667,5.5,6.83333333333333,5.5,191,14,6,42.857,2,2,"2,2"
1,3503540,שיטות בהנדסת תוכנה-תרגיל,7.0,א,191,סקר הוראה תרגול - א תשפד,6.63636363636364,6.45454545454545,6.63636363636364,6.36363636363636,191,29,11,37.931,0,1,"0,1"
1,3504513,חישוביות סיבוכיות-תרגיל,7.0,א,191,סקר הוראה תרגול - א תשפד,7.0,7.0,7.0,7.0,191,19,6,31.579,0,1,"0,1"
1,3600501,מערכות ספרתיות-תרגיל,14.0,א,191,סקר הוראה תרגול - א תשפד,6.2,6.0,5.8,5.86666666666667,191,30,15,50.0,0,1,"0,1"
1,3601509,מבוא להנדסת חשמל - תרגיל,14.0,א,191,סקר הוראה תרגול - א תשפד,4.57142857142857,4.57142857142857,4.71428571428571,4.85714285714286,191,22,7,31.818,2,3,"2,3"
1,3601565,תכנות 1 - תרגיל,70.0,א,191,סקר הוראה תרגול - א תשפד,5.41176470588235,5.11764705882353,5.64705882352941,4.94117647058824,191,33,17,51.515,2,2,"2,2"
1,3602519,מערכות לינאריות-תרגיל,14.0,א,191,סקר הוראה תרגול - א תשפד,5.125,5.25,5.25,5.25,191,20,8,40.0,2,2,"2,2"
1,3603521,חיישנים ומפעלים - תרגיל,14.0,א,191,סקר הוראה תרגול - א תשפד,6.27272727272727,6.09090909090909,6.27272727272727,6.0,191,26,11,42.308,0,1,"0,1"
1,3603531,אותות אקראים ורעש-תרגיל,14.0,א,191,סקר הוראה תרגול - א תשפד,4.66666666666667,4.77777777777778,5.44444444444444,4.77777777777778,191,27,9,33.333,2,3,"2,3"
1,3603538,ניתוח אותות ומערכות-תרגיל,14.0,א,191,סקר הוראה תרגול - א תשפד,6.0,6.75,6.625,6.125,191,28,8,28.571,0,1,"0,1"
1,3604523,שדות אלקטרומגנטיים - תרגיל,14.0,א,191,סקר הוראה תרגול - א תשפד,5.33333333333333,5.5,5.33333333333333,5.33333333333333,191,19,6,31.579,2,2,"2,2"
1,3623547,תכן מעגלים משולבים-תרגיל,14.0,א,191,סקר הוראה תרגול - א תשפד,6.75,6.875,7.0,6.875,191,18,8,44.444,0,1,"0,1"
1,3624546,מימוש מערכות תקשורת בטכנולוגיה של מעגלים משולבים: תקשורת רדיו ותקשורת אופטית - תרגיל,14.0,א,191,סקר הוראה תרגול - א תשפד,7.0,7.0,7.0,7.0,191,7,6,85.714,0,1,"0,1"
1,3633508,מבוא למקורות אור וותכנון באוטוקד - תרגיל,14.0,א,191,סקר הוראה תרגול - א תשפד,7.0,7.0,7.0,7.0,191,9,2,22.222,0,1,"0,1"
1,3633511,מערכות אופטיות מתקדמות - תרגיל,14.0,א,191,סקר הוראה תרגול - א תשפד,5.0,5.0,5.0,5.0,191,11,1,9.091,2,3,"2,3"
1,3900500,"חדו""א 0-תרגיל",70.0,א,191,סקר הוראה תרגול - א תשפד,6.65,6.7,6.55,6.55,191,40,20,50.0,0,1,"0,1"
1,3900501,"חדו""א 1-תרגיל",70.0,א,191,סקר הוראה תרגול - א תשפד,4.33333333333333,4.92307692307692,6.33333333333333,4.16666666666667,191,35,13,37.143,2,2,"2,2"
1,3900507,"חדו""א מוגבר 1-תרגיל",70.0,א,191,סקר הוראה תרגול - א תשפד,5.7,5.3,6.0,5.8,191,24,10,41.667,2,2,"2,2"
1,3900510,פיסיקה 0-תרגיל,70.0,א,191,סקר הוראה תרגול - א תשפד,6.8,6.8,7.0,6.6,191,23,10,43.478,0,1,"0,1"
1,3900511,פיסיקה 1 (מכניקה)-תרגיל,70.0,א,191,סקר הוראה תרגול - א תשפד,6.92857142857143,6.86666666666667,6.85714285714286,6.86666666666667,191,31,15,48.387,0,1,"0,1"
1,3900517,פיסיקה 1 לתוכנה וחשמל - תרגיל,70.0,א,191,סקר הוראה תרגול - א תשפד,5.91666666666667,6.41666666666667,6.08333333333333,5.83333333333333,191,23,12,52.174,0,1,"0,1"
1,3901534,משוואות דיפרנציאליות לאלקטרוניקה - תרגיל,70.0,א,191,סקר הוראה תרגול - א תשפד,6.54545454545455,6.18181818181818,6.63636363636364,6.27272727272727,191,24,11,45.833,0,1,"0,1"
1,3902002,משוואות דיפרנציאליות לאלקטרוניקה - תגבור,70.0,א,191,סקר הוראה תרגול - א תשפד,6.44444444444444,6.22222222222222,6.44444444444444,6.5,191,24,9,37.5,0,1,"0,1"
1,3902520,אלגברה לינארית-תרגיל,70.0,א,191,סקר הוראה תרגול - א תשפד,5.36363636363636,5.0,5.90909090909091,5.36363636363636,191,32,11,34.375,2,2,"2,2"
1,4001106,תולדות היצירה 1,60.0,א,190,סקר הוראה שיעור (עיצוב) - א תשפד,4.0,3.61111111111111,5.91089108910891,3.5462962962963,190,212,108,50.943,1,3,"1,3"
1,4002107,תולדות היצירה 3,60.0,א,190,סקר הוראה שיעור (עיצוב) - א תשפד,6.64179104477612,6.65217391304348,6.74074074074074,6.29411764705882,190,180,69,38.333,0,1,"0,1"
1,4003629,סמינריון שפת הגוף,60.0,א,190,סקר הוראה שיעור (עיצוב) - א תשפד,6.91666666666667,6.91666666666667,6.75,6.66666666666667,190,25,12,48.0,0,1,"0,1"
1,4003653,סמינריון ארכיאלוגיה של המדיה,60.0,א,190,סקר הוראה שיעור (עיצוב) - א תשפד,4.77777777777778,5.55555555555556,6.88888888888889,5.44444444444444,190,22,9,40.909,2,2,"2,2"
1,4003664,סמינריון מעבדות נתונים:  תרבות חזותית בעידן הדימוי הסינתטי,60.0,א,190,סקר הוראה שיעור (עיצוב) - א תשפד,6.53846153846154,6.76923076923077,7.0,6.92307692307692,190,18,13,72.222,0,1,"0,1"
1,4003665,סמינריון Happiness by Design- בודהיזם ופסיכואנליזה,80.0,א,190,סקר הוראה שיעור (עיצוב) - א תשפד,6.27777777777778,6.55555555555556,6.72222222222222,6.5,190,23,18,78.261,0,1,"0,1"
1,4003666,"סמינריון גזע, הגזעה וגזענות בתרבות חזותית",60.0,א,190,סקר הוראה שיעור (עיצוב) - א תשפד,5.2,6.0,6.2,5.8,190,19,10,52.632,2,2,"2,2"
1,4003667,סמינריון סוגיות בתרבות הישראלית,60.0,א,190,סקר הוראה שיעור (עיצוב) - א תשפד,6.33333333333333,6.0,7.0,5.66666666666667,190,21,3,14.286,0,1,"0,1"
1,4003668,"סמינריון תרבות חזותית ומוסיקה: בין ווגנר, בואי ופינק פלויד",60.0,א,190,סקר הוראה שיעור (עיצוב) - א תשפד,5.25,5.625,6.125,5.875,190,21,8,38.095,2,2,"2,2"
1,4003669,סמינריון צמתי תודעה באמנות עכשווית,60.0,א,190,סקר הוראה שיעור (עיצוב) - א תשפד,5.0,5.5,6.75,5.75,190,16,4,25.0,2,2,"2,2"
1,4041702,עבודת גמר עיונית,60.0,א,190,סקר הוראה שיעור (עיצוב) - א תשפד,6.5,6.5,7.0,6.33333333333333,190,24,12,50.0,0,1,"0,1"
1,4042111,תולדות הטקסטיל 1,5.0,א,190,סקר הוראה שיעור (עיצוב) - א תשפד,6.3125,5.4375,6.8125,5.6875,190,23,16,69.565,0,1,"0,1"
1,4044101,תולדות העיצוב הגרפי 1,60.0,א,190,סקר הוראה שיעור (עיצוב) - א תשפד,6.06451612903226,6.07575757575758,6.6875,6.0,190,124,66,53.226,0,1,"0,1"
1,4044106,כתיבה יוצרת,12.0,א,190,סקר הוראה שיעור (עיצוב) - א תשפד,6.64285714285714,6.64285714285714,6.92857142857143,6.71428571428571,190,20,14,70.0,0,1,"0,1"
1,4045704,עבודת גמר עיונית,60.0,א,190,סקר הוראה שיעור (עיצוב) - א תשפד,6.33333333333333,6.33333333333333,6.5,5.83333333333333,190,16,6,37.5,0,1,"0,1"
1,4046120,תולדות האדריכלות 1,60.0,א,190,סקר הוראה שיעור (עיצוב) - א תשפד,4.42857142857143,4.17073170731707,5.775,4.28571428571429,190,60,42,70.0,2,3,"2,3"
1,4046205,כתיבה יוצרת,60.0,א,190,סקר הוראה שיעור (עיצוב) - א תשפד,6.69230769230769,6.38461538461539,6.76923076923077,6.14285714285714,190,21,14,66.667,0,1,"0,1"
1,4047103,מבוא לאמנות מודרנית 1,60.0,א,190,סקר הוראה שיעור (עיצוב) - א תשפד,5.09756097560976,4.4390243902439,4.57692307692308,4.65,190,72,41,56.944,2,3,"2,3"
1,4047106,מבוא לאמנות ישראלית,15.0,א,190,סקר הוראה שיעור (עיצוב) - א תשפד,6.0,5.84615384615385,6.5,5.48,190,43,26,60.465,2,2,"2,2"
1,4047106,מבוא לאמנות ישראלית,15.0,א,190,סקר הוראה שיעור (עיצוב) - א תשפד,5.61904761904762,5.47368421052632,5.85714285714286,5.35294117647059,190,43,21,48.837,2,2,"2,2"
1,4101101,איורי אופנה 1,4.0,א,192,סקר הוראה סטודיו - א תשפד,6.78571428571429,6.57142857142857,6.92857142857143,6.85714285714286,192,19,14,73.684,0,1,"0,1"
1,4101103,פוטושופ,4.0,א,192,סקר הוראה סטודיו - א תשפד,4.55555555555556,4.77777777777778,5.44444444444444,4.77777777777778,192,19,9,47.368,2,3,"2,3"
1,4101106,איור טכני,4.0,א,192,סקר הוראה סטודיו - א תשפד,6.78571428571429,6.5,6.85714285714286,6.21428571428571,192,19,14,73.684,0,1,"0,1"
1,4101118,רישום עירום,4.0,א,192,סקר הוראה סטודיו - א תשפד,3.07142857142857,3.78571428571429,4.42857142857143,4.64285714285714,192,19,14,73.684,1,3,"1,3"
1,4102202,איורי אופנה 3,4.0,א,192,סקר הוראה סטודיו - א תשפד,6.63636363636364,6.0,6.72727272727273,6.0,192,17,11,64.706,0,1,"0,1"
1,4102214,דיגום חופשי 3,4.0,א,192,סקר הוראה סטודיו - א תשפד,7.0,6.58333333333333,6.83333333333333,6.16666666666667,192,17,12,70.588,0,1,"0,1"
1,4102235,תדמיתנות בעולם הדיגיטלי,4.0,א,192,סקר הוראה סטודיו - א תשפד,5.75,5.375,7.0,6.5,192,17,8,47.059,0,1,"0,1"
1,4102290,בכפפות של משי,4.0,א,192,סקר הוראה סטודיו - א תשפד,6.75675675675676,6.78947368421053,6.89473684210526,6.71052631578947,192,49,38,77.551,0,1,"0,1"
1,4102688,מה איכפת לי?,4.0,א,192,סקר הוראה סטודיו - א תשפד,5.0,5.15384615384615,4.76923076923077,5.69230769230769,192,16,13,81.25,2,2,"2,2"
1,4102688,מה איכפת לי?,4.0,א,192,סקר הוראה סטודיו - א תשפד,6.78571428571429,6.78571428571429,6.85714285714286,6.92857142857143,192,16,14,87.5,0,1,"0,1"
1,4103209,פורטפוליו דיגיטלי- EMI,12.0,א,192,סקר הוראה סטודיו - א תשפד,4.875,3.625,6.125,5.25,192,17,8,47.059,2,2,"2,2"
1,4103245,אופנה מלאכותית,4.0,א,192,סקר הוראה סטודיו - א תשפד,7.0,7.0,6.76923076923077,7.0,192,16,13,81.25,0,1,"0,1"
1,4103638,READY TO WEAR,4.0,א,192,סקר הוראה סטודיו - א תשפד,6.4,6.75,6.2,6.4,192,14,5,35.714,0,1,"0,1"
1,4103638,READY TO WEAR,4.0,א,192,סקר הוראה סטודיו - א תשפד,6.66666666666667,5.66666666666667,7.0,6.0,192,14,3,21.429,0,1,"0,1"
1,4104115,מגמות באומנות עכשווית,60.0,א,190,סקר הוראה שיעור (עיצוב) - א תשפד,6.625,6.75,7.0,6.875,190,33,8,24.242,0,1,"0,1"
1,4110660,פרויקט איתחול לאופנה,4.0,א,192,סקר הוראה סטודיו - א תשפד,4.07692307692308,4.46153846153846,4.92307692307692,4.30769230769231,192,16,13,81.25,1,3,"1,3"
1,4110660,פרויקט איתחול לאופנה,4.0,א,192,סקר הוראה סטודיו - א תשפד,5.36363636363636,5.09090909090909,6.09090909090909,4.45454545454545,192,16,11,68.75,2,2,"2,2"
1,4111677,מבוא לפרוייקטים,4.0,א,192,סקר הוראה סטודיו - א תשפד,5.54545454545455,6.36363636363636,6.18181818181818,6.45454545454545,192,14,11,78.571,0,1,"0,1"
1,4111682,דיגום חופשי 1,4.0,א,192,סקר הוראה סטודיו - א תשפד,5.30769230769231,6.15384615384615,4.46153846153846,5.69230769230769,192,19,13,68.421,2,2,"2,2"
1,4111684,קו ותפר 1,4.0,א,192,סקר הוראה סטודיו - א תשפד,6.85714285714286,6.85714285714286,7.0,6.85714285714286,192,11,7,63.636,0,1,"0,1"
1,4112651,פרויקט החולצה הלבנה,4.0,א,192,סקר הוראה סטודיו - א תשפד,6.72727272727273,6.45454545454545,6.81818181818182,6.45454545454545,192,15,11,73.333,0,1,"0,1"
1,4112651,פרויקט החולצה הלבנה,4.0,א,192,סקר הוראה סטודיו - א תשפד,6.75,6.58333333333333,6.18181818181818,6.58333333333333,192,15,12,80.0,0,1,"0,1"
1,4112652,פרויקט הסטוריה של הלבוש,4.0,א,192,סקר הוראה סטודיו - א תשפד,6.69230769230769,6.76923076923077,6.84615384615385,5.69230769230769,192,15,13,86.667,0,1,"0,1"
1,4112669,פרויקט גברים א',4.0,א,192,סקר הוראה סטודיו - א תשפד,6.27272727272727,5.8,6.90909090909091,6.18181818181818,192,17,11,64.706,0,1,"0,1"
1,4112669,פרויקט גברים א',4.0,א,192,סקר הוראה סטודיו - א תשפד,6.125,6.0,6.0,6.625,192,17,8,47.059,0,1,"0,1"
1,4113236,FASHION TECH,4.0,א,192,סקר הוראה סטודיו - א תשפד,4.0,4.33333333333333,5.33333333333333,4.33333333333333,192,12,9,75.0,1,3,"1,3"
1,4113236,FASHION TECH,4.0,א,192,סקר הוראה סטודיו - א תשפד,3.44444444444444,3.77777777777778,5.33333333333333,4.0,192,12,9,75.0,1,3,"1,3"
1,4113236,FASHION TECH,4.0,א,192,סקר הוראה סטודיו - א תשפד,3.88888888888889,4.11111111111111,4.77777777777778,4.22222222222222,192,12,9,75.0,1,3,"1,3"
1,4113237,בניית קולקציות ב',4.0,א,192,סקר הוראה סטודיו - א תשפד,6.9,6.5,7.0,6.6,192,24,10,41.667,0,1,"0,1"
1,4113624,פרויקט כל העולם במה,4.0,א,192,סקר הוראה סטודיו - א תשפד,6.75,6.375,6.375,6.5,192,16,8,50.0,0,1,"0,1"
1,4113624,פרויקט כל העולם במה,4.0,א,192,סקר הוראה סטודיו - א תשפד,6.77777777777778,6.11111111111111,6.22222222222222,6.77777777777778,192,16,9,56.25,0,1,"0,1"
1,4113635,פרויקט עור,4.0,א,192,סקר הוראה סטודיו - א תשפד,5.63636363636364,6.36363636363636,6.27272727272727,6.09090909090909,192,14,11,78.571,0,1,"0,1"
1,4113635,פרויקט עור,4.0,א,192,סקר הוראה סטודיו - א תשפד,7.0,7.0,7.0,7.0,192,14,11,78.571,0,1,"0,1"
1,4113637,פרויקט עיצוב ספקולטיבי,4.0,א,192,סקר הוראה סטודיו - א תשפד,6.125,5.625,5.875,6.625,192,11,8,72.727,0,1,"0,1"
1,4113637,פרויקט עיצוב ספקולטיבי,4.0,א,192,סקר הוראה סטודיו - א תשפד,6.125,6.0,6.375,6.57142857142857,192,11,8,72.727,0,1,"0,1"
1,4113642,פרויקט מחוייטים,4.0,א,192,סקר הוראה סטודיו - א תשפד,6.83333333333333,6.16666666666667,6.83333333333333,6.66666666666667,192,15,6,40.0,0,1,"0,1"
1,4113642,פרויקט מחוייטים,4.0,א,192,סקר הוראה סטודיו - א תשפד,5.4,5.4,6.2,6.4,192,15,5,33.333,2,1,"2,1"
1,4201113,מבוא לקיימות - מעגל הטקסטיל,154.0,א,190,סקר הוראה שיעור (עיצוב) - א תשפד,5.0,4.10526315789474,5.70588235294118,3.78947368421053,190,30,19,63.333,2,3,"2,3"
1,4201113,מבוא לקיימות - מעגל הטקסטיל,5.0,א,190,סקר הוראה שיעור (עיצוב) - א תשפד,4.66666666666667,3.66666666666667,5.42105263157895,3.71428571428571,190,30,21,70.0,1,3,"1,3"
1,4201225,אדובי פוטושופ,5.0,א,192,סקר הוראה סטודיו - א תשפד,6.5,6.0,7.0,6.75,192,13,4,30.769,0,1,"0,1"
1,4201226,פלורה פאונה,12.0,א,192,סקר הוראה סטודיו - א תשפד,6.0,6.2,5.4,5.8,192,13,5,38.462,2,1,"2,1"
1,4201228,רישום וציור,5.0,א,192,סקר הוראה סטודיו - א תשפד,2.66666666666667,3.58333333333333,4.83333333333333,4.0,192,15,12,80.0,1,3,"1,3"
1,4201248,עיצוב בסיסי,5.0,א,192,סקר הוראה סטודיו - א תשפד,5.30769230769231,6.15384615384615,5.38461538461539,6.46153846153846,192,15,13,86.667,2,2,"2,2"
1,4201252,סטודיו קונספט 1,5.0,א,192,סקר הוראה סטודיו - א תשפד,7.0,6.6,6.8,6.8,192,14,6,42.857,0,1,"0,1"
1,4201255,מבוא לתלת מימד,10.0,א,192,סקר הוראה סטודיו - א תשפד,6.08333333333333,6.08333333333333,6.58333333333333,6.5,192,16,12,75.0,0,1,"0,1"
1,4202200,צביעה ואשפרה,5.0,א,192,סקר הוראה סטודיו - א תשפד,7.0,6.66666666666667,7.0,4.5,192,9,6,66.667,0,2,"0,2"
1,4202234,מבוא לסיבים וחוטים,5.0,א,190,סקר הוראה שיעור (עיצוב) - א תשפד,5.6,6.4,5.8,6.2,190,14,5,35.714,0,1,"0,1"
1,4202236,חומרים עכשיו,5.0,א,192,סקר הוראה סטודיו - א תשפד,5.5,4.5,5.9,5.6,192,16,10,62.5,2,2,"2,2"
1,4202236,חומרים עכשיו,5.0,א,192,סקר הוראה סטודיו - א תשפד,5.3,4.4,5.0,5.2,192,16,10,62.5,2,3,"2,3"
1,4202274,טכנולוגיה ותדמיתנות במוצרי סריגה שטוחה,5.0,א,192,סקר הוראה סטודיו - א תשפד,6.1,5.7,6.2,5.44444444444444,192,15,10,66.667,2,2,"2,2"
1,4202274,טכנולוגיה ותדמיתנות במוצרי סריגה שטוחה,4.0,א,192,סקר הוראה סטודיו - א תשפד,6.45454545454545,6.18181818181818,7.0,6.0,192,15,11,73.333,0,1,"0,1"
1,4202277,ריפיט ופאטרן: עיצוב דיגיטלי,5.0,א,192,סקר הוראה סטודיו - א תשפד,6.69230769230769,6.76923076923077,6.84615384615385,6.76923076923077,192,22,13,59.091,0,1,"0,1"
1,4202277,ריפיט ופאטרן: עיצוב דיגיטלי,5.0,א,192,סקר הוראה סטודיו - א תשפד,7.0,6.69230769230769,6.92307692307692,6.92307692307692,192,22,13,59.091,0,1,"0,1"
1,4202278,עיצוב וטכניקות בהדפס רשת - בצבע,5.0,א,192,סקר הוראה סטודיו - א תשפד,6.77777777777778,6.77777777777778,6.66666666666667,6.77777777777778,192,11,9,81.818,0,1,"0,1"
1,4202278,עיצוב וטכניקות בהדפס רשת - בצבע,5.0,א,192,סקר הוראה סטודיו - א תשפד,6.77777777777778,6.55555555555556,6.77777777777778,6.77777777777778,192,11,9,81.818,0,1,"0,1"
1,4203101,תוצר מכונה: שטחים ומשטחים באריגה - EMI,5.0,א,192,סקר הוראה סטודיו - א תשפד,7.0,7.0,7.0,7.0,192,10,1,10.0,0,1,"0,1"
1,4203232,הצגת יחיד,5.0,א,192,סקר הוראה סטודיו - א תשפד,6.4,6.8,6.4,6.6,192,10,5,50.0,0,1,"0,1"
1,4203246,תדמיתנות סריגים,4.0,א,192,סקר הוראה סטודיו - א תשפד,7.0,6.75,7.0,6.0,192,14,4,28.571,0,1,"0,1"
1,4203411,סטודיו טקסטיל והדפסה בתלת מימד,5.0,א,192,סקר הוראה סטודיו - א תשפד,6.75,6.33333333333333,7.0,6.25,192,11,4,36.364,0,1,"0,1"
1,4203411,סטודיו טקסטיל והדפסה בתלת מימד,5.0,א,192,סקר הוראה סטודיו - א תשפד,6.8,5.8,7.0,6.2,192,11,5,45.455,0,1,"0,1"
1,4203416,פאטרן מתקדם,5.0,א,192,סקר הוראה סטודיו - א תשפד,6.33333333333333,6.33333333333333,5.33333333333333,6.66666666666667,192,14,3,21.429,0,1,"0,1"
1,4204216,התעשייה ואני - ניהול עיצוב ושיווק EMI,5.0,א,190,סקר הוראה שיעור (עיצוב) - א תשפד,3.6,3.6,5.8,4.2,190,25,5,20.0,1,3,"1,3"
1,4204216,התעשייה ואני - ניהול עיצוב ושיווק EMI,5.0,א,190,סקר הוראה שיעור (עיצוב) - א תשפד,5.0,4.2,6.2,4.4,190,25,5,20.0,2,2,"2,2"
1,4222275,CUT AND SEW ותדמיתנות סריגים השלמה,4.0,א,192,סקר הוראה סטודיו - א תשפד,6.8,6.2,6.8,6.0,192,15,5,33.333,0,1,"0,1"
1,4222297,עיצוב וטכניקות בהדפס רשת - שחור לבן,5.0,א,192,סקר הוראה סטודיו - א תשפד,7.0,7.0,7.0,6.4,192,9,5,55.556,0,1,"0,1"
1,4222297,עיצוב וטכניקות בהדפס רשת - שחור לבן,5.0,א,192,סקר הוראה סטודיו - א תשפד,7.0,6.75,7.0,6.25,192,9,8,88.889,0,1,"0,1"
1,4224253,עיצוב טקסטיל לבית - שתייפ חיצוני- EMI,5.0,א,192,סקר הוראה סטודיו - א תשפד,5.33333333333333,5.33333333333333,6.66666666666667,6.0,192,11,3,27.273,2,2,"2,2"
1,4224253,עיצוב טקסטיל לבית - שתייפ חיצוני- EMI,5.0,א,192,סקר הוראה סטודיו - א תשפד,5.0,4.5,7.0,5.5,192,11,2,18.182,2,2,"2,2"
1,4231226,סטודיו אריגה: מדרך המשי לשנקר,5.0,א,192,סקר הוראה סטודיו - א תשפד,5.0,6.5,6.5,5.75,192,14,5,35.714,2,2,"2,2"
1,4232320,עיצוב פרמטרי באריגה,5.0,א,192,סקר הוראה סטודיו - א תשפד,7.0,6.2,6.2,6.0,192,10,5,50.0,0,1,"0,1"
1,4232320,עיצוב פרמטרי באריגה,5.0,א,192,סקר הוראה סטודיו - א תשפד,5.16666666666667,5.16666666666667,5.66666666666667,5.83333333333333,192,10,6,60.0,2,2,"2,2"
1,4241226,סטודיו בסריגה:  מקצב וצבע,5.0,א,192,סקר הוראה סטודיו - א תשפד,6.83333333333333,6.75,6.91666666666667,6.83333333333333,192,15,12,80.0,0,1,"0,1"
1,4242255,סטודיו סריגה במכונות ביתיות,5.0,א,192,סקר הוראה סטודיו - א תשפד,6.55555555555556,6.55555555555556,7.0,6.33333333333333,192,13,9,69.231,0,1,"0,1"
1,4242255,סטודיו סריגה במכונות ביתיות,5.0,א,192,סקר הוראה סטודיו - א תשפד,6.625,6.5,6.75,6.875,192,13,8,61.538,0,1,"0,1"
1,4242265,סריגה תעשייתית בתלת מימד,5.0,א,192,סקר הוראה סטודיו - א תשפד,5.0,4.0,5.85714285714286,4.71428571428571,192,10,7,70.0,2,2,"2,2"
1,4243281,סריגה ממוחשבת שטוחה,5.0,א,192,סקר הוראה סטודיו - א תשפד,7.0,7.0,7.0,7.0,192,6,2,33.333,0,1,"0,1"
1,4300105,די. אנ. איי,8.0,א,192,סקר הוראה סטודיו - א תשפד,6.75,6.5,7.0,6.75,192,20,8,40.0,0,1,"0,1"
1,4300105,די. אנ. איי,8.0,א,192,סקר הוראה סטודיו - א תשפד,6.75,6.625,7.0,6.75,192,20,8,40.0,0,1,"0,1"
1,4300223,משקפיים,8.0,א,192,סקר הוראה סטודיו - א תשפד,5.71428571428571,5.42857142857143,6.85714285714286,5.71428571428571,192,21,7,33.333,2,2,"2,2"
1,4300223,משקפיים,8.0,א,192,סקר הוראה סטודיו - א תשפד,5.28571428571429,5.28571428571429,6.0,5.28571428571429,192,21,7,33.333,2,2,"2,2"
1,4301101,מבוא לתורת המתכות 1,8.0,א,190,סקר הוראה שיעור (עיצוב) - א תשפד,5.2,4.5,6.0,4.16666666666667,190,14,6,42.857,2,2,"2,2"
1,4301155,עיצוב תלת מימד,8.0,א,192,סקר הוראה סטודיו - א תשפד,4.0,4.5,4.9,6.1,192,14,10,71.429,2,3,"2,3"
1,4301155,עיצוב תלת מימד,8.0,א,192,סקר הוראה סטודיו - א תשפד,5.36363636363636,4.72727272727273,6.0,5.72727272727273,192,14,11,78.571,2,2,"2,2"
1,4301157,עיצוב תכשיטים,8.0,א,192,סקר הוראה סטודיו - א תשפד,6.0,6.11111111111111,6.44444444444444,6.44444444444444,192,13,10,76.923,0,1,"0,1"
1,4301157,עיצוב תכשיטים,15.0,א,192,סקר הוראה סטודיו - א תשפד,5.3,6.11111111111111,5.6,6.33333333333333,192,13,10,76.923,2,2,"2,2"
1,4301229,עיצוב בעזרת מחשב 1,8.0,א,192,סקר הוראה סטודיו - א תשפד,6.0,3.5,3.5,3.5,192,14,2,14.286,1,3,"1,3"
1,4301229,עיצוב בעזרת מחשב 1,8.0,א,192,סקר הוראה סטודיו - א תשפד,5.77777777777778,4.88888888888889,6.44444444444444,5.22222222222222,192,14,9,64.286,2,2,"2,2"
1,4301236,סדנה בשעווה 1,8.0,א,192,סקר הוראה סטודיו - א תשפד,5.72727272727273,5.36363636363636,5.0,4.63636363636364,192,18,11,61.111,2,2,"2,2"
1,4301245,סדנה בצורפות 1,8.0,א,192,סקר הוראה סטודיו - א תשפד,6.09090909090909,6.18181818181818,6.09090909090909,5.63636363636364,192,16,11,68.75,0,1,"0,1"
1,4301245,סדנה בצורפות 1,8.0,א,192,סקר הוראה סטודיו - א תשפד,5.9,6.3,6.4,5.4,192,16,10,62.5,0,1,"0,1"
1,4301246,סדנה בצורפות 2,8.0,א,192,סקר הוראה סטודיו - א תשפד,6.5,6.33333333333333,6.0,5.33333333333333,192,16,6,37.5,0,1,"0,1"
1,4301246,סדנה בצורפות 2,8.0,א,192,סקר הוראה סטודיו - א תשפד,5.6,6.75,6.8,4.6,192,16,5,31.25,2,2,"2,2"
1,4301271,רישום למעצבים,12.0,א,192,סקר הוראה סטודיו - א תשפד,5.8,6.1,5.9,5.3,192,14,10,71.429,2,2,"2,2"
1,4302145,פרויקט רעיוני A- קורס EMI,8.0,א,192,סקר הוראה סטודיו - א תשפד,7.0,7.0,7.0,6.75,192,20,4,20.0,0,1,"0,1"
1,4302145,פרויקט רעיוני A- קורס EMI,8.0,א,192,סקר הוראה סטודיו - א תשפד,7.0,7.0,7.0,7.0,192,20,4,20.0,0,1,"0,1"
1,4302229,עקרונות השיבוץ,8.0,א,192,סקר הוראה סטודיו - א תשפד,5.6,5.2,5.4,4.6,192,22,10,45.455,2,2,"2,2"
1,4302236,טכנולוגיות מתקדמות,8.0,א,192,סקר הוראה סטודיו - א תשפד,6.7,6.45454545454545,6.45454545454545,6.72727272727273,192,18,11,61.111,0,1,"0,1"
1,4302236,טכנולוגיות מתקדמות,8.0,א,192,סקר הוראה סטודיו - א תשפד,6.5,6.3,6.7,6.5,192,18,10,55.556,0,1,"0,1"
1,4302243,"סינרגיה  5- צורפות, עיצוב, עץ",8.0,א,192,סקר הוראה סטודיו - א תשפד,2.0,1.83333333333333,3.71428571428571,2.57142857142857,192,21,7,33.333,1,3,"1,3"
1,4302243,"סינרגיה  5- צורפות, עיצוב, עץ",8.0,א,192,סקר הוראה סטודיו - א תשפד,3.16666666666667,2.33333333333333,3.5,2.66666666666667,192,21,6,28.571,1,3,"1,3"
1,4302255,עיצוב בריינו,8.0,א,192,סקר הוראה סטודיו - א תשפד,6.5,6.85714285714286,6.28571428571429,6.57142857142857,192,21,7,33.333,0,1,"0,1"
1,4302255,עיצוב בריינו,8.0,א,192,סקר הוראה סטודיו - א תשפד,6.66666666666667,6.55555555555556,7.0,6.88888888888889,192,21,9,42.857,0,1,"0,1"
1,4302270,סוגרים ומחברים - צורפות מתקדמת,8.0,א,192,סקר הוראה סטודיו - א תשפד,5.8,6.4,6.4,5.6,192,18,5,27.778,0,1,"0,1"
1,4302270,סוגרים ומחברים - צורפות מתקדמת,8.0,א,192,סקר הוראה סטודיו - א תשפד,6.0,6.2,5.4,5.6,192,18,5,27.778,2,1,"2,1"
1,4303101,גמולוגיה,8.0,א,190,סקר הוראה שיעור (עיצוב) - א תשפד,5.88888888888889,5.55555555555556,6.22222222222222,5.55555555555556,190,19,9,47.368,2,2,"2,2"
1,4303218,אמייל,8.0,א,192,סקר הוראה סטודיו - א תשפד,6.94117647058824,6.77777777777778,7.0,6.64705882352941,192,22,18,81.818,0,1,"0,1"
1,4303245,תכשיטי מסלול- שם זמני,8.0,א,192,סקר הוראה סטודיו - א תשפד,5.77777777777778,4.77777777777778,6.44444444444444,6.0,192,19,9,47.368,2,2,"2,2"
1,4303245,תכשיטי מסלול- שם זמני,8.0,א,192,סקר הוראה סטודיו - א תשפד,5.71428571428571,5.57142857142857,6.42857142857143,6.14285714285714,192,19,7,36.842,2,2,"2,2"
1,4304247,מיומנויות בתיקשורת חזותית,12.0,א,192,סקר הוראה סטודיו - א תשפד,5.4,4.8,6.4,5.0,192,17,5,29.412,2,2,"2,2"
1,4304247,מיומנויות בתיקשורת חזותית,5.0,א,192,סקר הוראה סטודיו - א תשפד,5.8,4.8,6.2,5.2,192,17,5,29.412,2,2,"2,2"
1,4400312,שפת עיצוב: צורה,12.0,א,192,סקר הוראה סטודיו - א תשפד,4.84615384615385,3.32,6.30769230769231,4.65384615384615,192,87,26,29.885,2,2,"2,2"
1,4400312,שפת עיצוב: צורה,12.0,א,192,סקר הוראה סטודיו - א תשפד,5.46153846153846,4.07692307692308,6.61538461538462,5.15384615384615,192,87,13,14.943,2,2,"2,2"
1,4400331,מוצר דיגיטלי מאויר,12.0,א,192,סקר הוראה סטודיו - א תשפד,6.78571428571429,6.85714285714286,7.0,6.71428571428571,192,19,14,73.684,0,1,"0,1"
1,4401207,רישום 1,12.0,א,192,סקר הוראה סטודיו - א תשפד,6.64705882352941,6.41176470588235,6.82352941176471,5.27777777777778,192,25,18,72.0,0,1,"0,1"
1,4401220,עיצוב גרפי 1,12.0,א,192,סקר הוראה סטודיו - א תשפד,5.73333333333333,5.93333333333333,6.78571428571429,6.4,192,25,15,60.0,0,1,"0,1"
1,4401223,טיפוגרפיה 1,12.0,א,192,סקר הוראה סטודיו - א תשפד,4.76470588235294,4.72222222222222,6.17647058823529,5.05882352941176,192,25,18,72.0,2,2,"2,2"
1,4401225,מבוא לאיור 1,12.0,א,192,סקר הוראה סטודיו - א תשפד,5.13333333333333,5.6,6.06666666666667,5.75,192,25,16,64.0,2,2,"2,2"
1,4401229,העברת מסר,12.0,א,192,סקר הוראה סטודיו - א תשפד,4.8125,6.5,5.125,6.875,192,25,16,64.0,2,2,"2,2"
1,4403302,טיפוגרפיה נסיונית,12.0,א,192,סקר הוראה סטודיו - א תשפד,5.5,5.25,6.57142857142857,6.28571428571429,192,15,8,53.333,2,1,"2,1"
1,4403304,אפליקציות,12.0,א,192,סקר הוראה סטודיו - א תשפד,5.88888888888889,5.55555555555556,6.55555555555556,4.77777777777778,192,19,9,47.368,2,2,"2,2"
1,4403305,אפטר אפקט מתקדמים,12.0,א,192,סקר הוראה סטודיו - א תשפד,6.75,6.25,7.0,5.875,192,20,8,40.0,0,1,"0,1"
1,4403307,אנימציית 2D (דמויות),12.0,א,192,סקר הוראה סטודיו - א תשפד,6.16666666666667,6.33333333333333,7.0,5.16666666666667,192,16,6,37.5,0,2,"0,2"
1,4403311,מגזין,12.0,א,192,סקר הוראה סטודיו - א תשפד,5.8,5.4,6.8,6.2,192,17,10,58.824,0,1,"0,1"
1,4403323,משחק: מקונספט לפיטץ',12.0,א,192,סקר הוראה סטודיו - א תשפד,6.53846153846154,6.23076923076923,6.76923076923077,6.15384615384615,192,18,13,72.222,0,1,"0,1"
1,4403327,סגנון,12.0,א,192,סקר הוראה סטודיו - א תשפד,6.81818181818182,6.45454545454545,7.0,6.63636363636364,192,21,11,52.381,0,1,"0,1"
1,4403329,חווית מותג - Brend Ex,12.0,א,192,סקר הוראה סטודיו - א תשפד,5.33333333333333,4.11111111111111,6.11111111111111,4.88888888888889,192,21,9,42.857,2,2,"2,2"
1,4403331,אפליקציות מורכבות,12.0,א,192,סקר הוראה סטודיו - א תשפד,7.0,6.88888888888889,7.0,7.0,192,18,9,50.0,0,1,"0,1"
1,4403334,מיתוג ככלי ערכי (שנה ד'),12.0,א,192,סקר הוראה סטודיו - א תשפד,5.8,4.6,6.2,4.6,192,20,5,25.0,2,2,"2,2"
1,4403336,עיצוב חויה טכנולוגית,12.0,א,192,סקר הוראה סטודיו - א תשפד,6.16666666666667,6.5,6.83333333333333,6.16666666666667,192,15,6,40.0,0,1,"0,1"
1,4403339,עיצוב פרמטרי 1,12.0,א,192,סקר הוראה סטודיו - א תשפד,4.85714285714286,4.28571428571429,6.42857142857143,6.14285714285714,192,20,7,35.0,2,2,"2,2"
1,4403340,בלנדר 3D,15.0,א,192,סקר הוראה סטודיו - א תשפד,4.85714285714286,4.83333333333333,6.42857142857143,4.14285714285714,192,20,7,35.0,2,2,"2,2"
1,4404006,מעבדה: חוזרים לחומר,12.0,א,192,סקר הוראה סטודיו - א תשפד,6.42857142857143,6.0,7.0,6.57142857142857,192,19,7,36.842,0,1,"0,1"
1,4404008,מעבדה: עיצוב עתידים,12.0,א,192,סקר הוראה סטודיו - א תשפד,4.71428571428571,5.57142857142857,6.28571428571429,6.57142857142857,192,15,7,46.667,2,2,"2,2"
1,4404018,מעבדה: DUST Magazin EMI,12.0,א,192,סקר הוראה סטודיו - א תשפד,5.57142857142857,6.57142857142857,6.57142857142857,7.0,192,15,7,46.667,0,1,"0,1"
1,4404019,מעבדה: מעבדה לעיצוב פרמטרי,12.0,א,192,סקר הוראה סטודיו - א תשפד,5.5,5.0,6.0,5.83333333333333,192,16,6,37.5,2,2,"2,2"
1,4404024,מעבדה: מבט שני,12.0,א,192,סקר הוראה סטודיו - א תשפד,6.2,6.4,6.8,6.8,192,17,5,29.412,0,1,"0,1"
1,4404113,טרנדולוגיה - הסמלה חזותית,12.0,א,192,סקר הוראה סטודיו - א תשפד,3.57142857142857,5.0,4.875,4.625,192,21,8,38.095,1,3,"1,3"
1,4404114,מאיירים מציאות,12.0,א,192,סקר הוראה סטודיו - א תשפד,5.90909090909091,5.81818181818182,5.81818181818182,4.90909090909091,192,19,11,57.895,2,2,"2,2"
1,4404115,"שתפ""ים: acadmy vs reality",12.0,א,192,סקר הוראה סטודיו - א תשפד,6.0,6.33333333333333,6.5,6.66666666666667,192,20,6,30.0,0,1,"0,1"
1,4404116,בין קראפט לטכנולוגיה: סדנת עיצוב בתהליכים מורכבים,80.0,א,192,סקר הוראה סטודיו - א תשפד,5.77777777777778,5.11111111111111,6.22222222222222,5.88888888888889,192,18,9,50.0,2,2,"2,2"
1,4404117,מרישום לעיצוב גרפי EMI,12.0,א,192,סקר הוראה סטודיו - א תשפד,7.0,7.0,7.0,7.0,192,6,4,66.667,0,1,"0,1"
1,4404402,עיצוב פונט,12.0,א,192,סקר הוראה סטודיו - א תשפד,5.42857142857143,5.28571428571429,6.42857142857143,4.57142857142857,192,19,7,36.842,2,2,"2,2"
1,4404403,מהפכת הדיגיטציה,12.0,א,192,סקר הוראה סטודיו - א תשפד,5.66666666666667,6.0,6.6,6.2,192,16,6,37.5,0,1,"0,1"
1,4404405,עיצוב מותג טלויזיוני,12.0,א,192,סקר הוראה סטודיו - א תשפד,3.0,2.30769230769231,3.23076923076923,3.07692307692308,192,18,13,72.222,1,3,"1,3"
1,4404406,סאונד ודימוי ביצירה ויזואלית,12.0,א,192,סקר הוראה סטודיו - א תשפד,6.2,5.6,6.6,6.2,192,15,5,33.333,0,1,"0,1"
1,4404407,אנימציה-סדרות - EMI,12.0,א,192,סקר הוראה סטודיו - א תשפד,6.66666666666667,5.88888888888889,6.88888888888889,6.44444444444444,192,18,9,50.0,0,1,"0,1"
1,4404413,פיתוח מוצר מדף,12.0,א,192,סקר הוראה סטודיו - א תשפד,6.25,5.5,6.875,6.5,192,17,8,47.059,0,1,"0,1"
1,4404414,עיצוב בתנועה למשחק,12.0,א,192,סקר הוראה סטודיו - א תשפד,6.9,6.7,6.9,6.7,192,18,10,55.556,0,1,"0,1"
1,4412220,טיפוגרפיה 3,12.0,א,192,סקר הוראה סטודיו - א תשפד,4.76923076923077,4.15384615384615,5.53846153846154,3.69230769230769,192,25,13,52.0,2,3,"2,3"
1,4412225,המעצב כיוצר דימוי,12.0,א,192,סקר הוראה סטודיו - א תשפד,5.46153846153846,6.15384615384615,6.66666666666667,6.61538461538462,192,25,13,52.0,0,1,"0,1"
1,4412228,וידיאו למעצבים,12.0,א,192,סקר הוראה סטודיו - א תשפד,6.625,6.8125,6.75,6.5,192,26,16,61.538,0,1,"0,1"
1,4412242,מבוא לאנימציה,12.0,א,192,סקר הוראה סטודיו - א תשפד,5.33333333333333,4.4,6.06666666666667,4.93333333333333,192,26,15,57.692,2,2,"2,2"
1,4412304,מחשב:  אינדיזיין,12.0,א,192,סקר הוראה סטודיו - א תשפד,5.0,4.11111111111111,5.1,2.88888888888889,192,23,10,43.478,1,3,"1,3"
1,4412305,מחשב: אפטר אפקטס,12.0,א,192,סקר הוראה סטודיו - א תשפד,6.33333333333333,5.75,6.58333333333333,5.83333333333333,192,27,12,44.444,0,1,"0,1"
1,4413212,מבוא למיתוג,12.0,א,192,סקר הוראה סטודיו - א תשפד,7.0,7.0,7.0,7.0,192,18,8,44.444,0,1,"0,1"
1,4413222,תוכן מורכב,12.0,א,192,סקר הוראה סטודיו - א תשפד,6.85714285714286,6.42857142857143,7.0,6.42857142857143,192,20,7,35.0,0,1,"0,1"
1,4414223,סמכות המעצב,12.0,א,192,סקר הוראה סטודיו - א תשפד,6.0,6.4,7.0,6.8,192,22,5,22.727,0,1,"0,1"
1,4414300,שם קוד: ספר,12.0,א,192,סקר הוראה סטודיו - א תשפד,5.0,5.25,6.25,5.75,192,16,4,25.0,2,2,"2,2"
1,4414300,שם קוד: ספר,12.0,א,192,סקר הוראה סטודיו - א תשפד,5.0,5.0,7.0,5.0,192,16,2,12.5,2,2,"2,2"
1,4424222,קומיקס - הסיפור החזותי,12.0,א,192,סקר הוראה סטודיו - א תשפד,6.76923076923077,6.69230769230769,6.92307692307692,6.46153846153846,192,27,13,48.148,0,1,"0,1"
1,4424226,איור וטקסט,12.0,א,192,סקר הוראה סטודיו - א תשפד,6.6,6.13333333333333,6.93333333333333,6.73333333333333,192,26,15,57.692,0,1,"0,1"
1,4424230,שדים,12.0,א,192,סקר הוראה סטודיו - א תשפד,6.57142857142857,6.28571428571429,6.42857142857143,6.42857142857143,192,12,7,58.333,0,1,"0,1"
1,4432003,מבוא לבימוי,12.0,א,192,סקר הוראה סטודיו - א תשפד,6.8,6.2,7.0,6.8,192,19,5,26.316,0,1,"0,1"
1,4432004,אפטר להתמחות וידאו,12.0,א,192,סקר הוראה סטודיו - א תשפד,6.71428571428571,6.42857142857143,6.85714285714286,6.28571428571429,192,19,7,36.842,0,1,"0,1"
1,4452001,אינטראקטיב 2,12.0,א,192,סקר הוראה סטודיו - א תשפד,6.15384615384615,5.76923076923077,6.69230769230769,6.15384615384615,192,27,13,48.148,0,1,"0,1"
1,4452305,עיצוב רציונאלי,12.0,א,192,סקר הוראה סטודיו - א תשפד,5.375,5.5,6.5,5.875,192,15,8,53.333,2,2,"2,2"
1,4452306,עיצוב ריגשי,12.0,א,192,סקר הוראה סטודיו - א תשפד,6.77777777777778,6.88888888888889,7.0,7.0,192,15,9,60.0,0,1,"0,1"
1,4501100,יסודות הפיסיקה והכימיה,6.0,א,190,סקר הוראה שיעור (עיצוב) - א תשפד,6.0,6.0,7.0,6.0,190,6,5,83.333,0,1,"0,1"
1,4501112,רישום למעצבים 1,10.0,א,192,סקר הוראה סטודיו - א תשפד,7.0,6.88888888888889,7.0,6.88888888888889,192,16,9,56.25,0,1,"0,1"
1,4501150,רישום מהתבוננות,10.0,א,190,סקר הוראה שיעור (עיצוב) - א תשפד,5.27777777777778,5.61111111111111,6.72222222222222,5.61111111111111,190,19,18,94.737,2,2,"2,2"
1,4501158,מודלים 1,10.0,א,190,סקר הוראה שיעור (עיצוב) - א תשפד,6.88888888888889,6.77777777777778,7.0,6.77777777777778,190,16,9,56.25,0,1,"0,1"
1,4501219,סטודיו צילום,10.0,א,192,סקר הוראה סטודיו - א תשפד,6.2,5.9,6.6,5.8,192,13,10,76.923,0,1,"0,1"
1,4501230,ריינו,10.0,א,192,סקר הוראה סטודיו - א תשפד,7.0,6.88235294117647,6.82352941176471,6.94117647058824,192,18,17,94.444,0,1,"0,1"
1,4501241,מבוא לעיצוב תעשייתי בסיסי 1,10.0,א,192,סקר הוראה סטודיו - א תשפד,5.5,5.5,6.66666666666667,6.0,192,19,3,15.789,2,2,"2,2"
1,4501241,מבוא לעיצוב תעשייתי בסיסי 1,10.0,א,192,סקר הוראה סטודיו - א תשפד,4.73333333333333,5.33333333333333,5.26666666666667,5.73333333333333,192,19,15,78.947,2,2,"2,2"
1,4501243,גרפיקה הנדסית 1,10.0,א,192,סקר הוראה סטודיו - א תשפד,6.84615384615385,6.23076923076923,6.84615384615385,5.30769230769231,192,13,13,100.0,0,1,"0,1"
1,4501901,סדנא,13.0,א,192,סקר הוראה סטודיו - א תשפד,6.5,5.75,6.375,5.0625,192,19,16,84.211,2,2,"2,2"
1,4502165,אובייקט,10.0,א,192,סקר הוראה סטודיו - א תשפד,4.10714285714286,3.10714285714286,4.28571428571429,4.07142857142857,192,38,28,73.684,1,3,"1,3"
1,4502165,אובייקט,10.0,א,192,סקר הוראה סטודיו - א תשפד,3.35714285714286,2.96428571428571,4.48148148148148,4.10714285714286,192,38,28,73.684,1,3,"1,3"
1,4502166,סטודיו עיצוב קרמי 1,10.0,א,192,סקר הוראה סטודיו - א תשפד,6.14285714285714,6.28571428571429,5.28571428571429,4.85714285714286,192,19,7,36.842,2,2,"2,2"
1,4502166,סטודיו עיצוב קרמי 1,10.0,א,192,סקר הוראה סטודיו - א תשפד,6.14285714285714,6.0,6.14285714285714,4.85714285714286,192,19,7,36.842,2,2,"2,2"
1,4502206,DFM,10.0,א,192,סקר הוראה סטודיו - א תשפד,3.64705882352941,3.82352941176471,4.17647058823529,3.58823529411765,192,39,17,43.59,1,3,"1,3"
1,4502206,DFM,10.0,א,192,סקר הוראה סטודיו - א תשפד,4.47058823529412,4.05882352941176,5.17647058823529,4.0,192,39,17,43.59,1,3,"1,3"
1,4502215,סוליד 2,10.0,א,192,סקר הוראה סטודיו - א תשפד,5.57142857142857,5.57142857142857,6.42857142857143,4.42857142857143,192,20,7,35.0,2,2,"2,2"
1,4502215,סוליד 2,10.0,א,192,סקר הוראה סטודיו - א תשפד,5.875,5.625,6.5,4.375,192,20,8,40.0,2,2,"2,2"
1,4502450,עיצוב תעשייתי בסיסי 1,10.0,א,192,סקר הוראה סטודיו - א תשפד,5.33333333333333,5.55555555555556,5.0,6.0,192,38,9,23.684,2,2,"2,2"
1,4502450,עיצוב תעשייתי בסיסי 1,10.0,א,192,סקר הוראה סטודיו - א תשפד,5.0,5.44444444444444,5.22222222222222,5.44444444444444,192,38,9,23.684,2,2,"2,2"
1,4502450,עיצוב תעשייתי בסיסי 1,10.0,א,192,סקר הוראה סטודיו - א תשפד,5.88888888888889,6.0,5.77777777777778,6.0,192,38,9,23.684,2,1,"2,1"
1,4502450,עיצוב תעשייתי בסיסי 1,10.0,א,192,סקר הוראה סטודיו - א תשפד,6.11111111111111,6.11111111111111,6.55555555555556,6.11111111111111,192,38,9,23.684,0,1,"0,1"
1,4502455,חשיבת עתיד בעיצוב,10.0,א,192,סקר הוראה סטודיו - א תשפד,6.33333333333333,6.16666666666667,6.66666666666667,6.66666666666667,192,23,6,26.087,0,1,"0,1"
1,4502455,חשיבת עתיד בעיצוב,10.0,א,192,סקר הוראה סטודיו - א תשפד,6.33333333333333,6.5,6.5,6.5,192,23,6,26.087,0,1,"0,1"
1,4503113,סטודיו ריהוט,10.0,א,192,סקר הוראה סטודיו - א תשפד,6.75,6.25,7.0,5.75,192,11,4,36.364,0,1,"0,1"
1,4503113,סטודיו ריהוט,10.0,א,192,סקר הוראה סטודיו - א תשפד,6.25,6.0,6.5,5.75,192,11,4,36.364,0,1,"0,1"
1,4503130,CUTTING EDGE,10.0,א,192,סקר הוראה סטודיו - א תשפד,6.33333333333333,6.44444444444444,6.44444444444444,6.33333333333333,192,22,9,40.909,0,1,"0,1"
1,4503130,CUTTING EDGE,13.0,א,192,סקר הוראה סטודיו - א תשפד,6.8,6.6,6.9,6.6,192,22,10,45.455,0,1,"0,1"
1,4503162,סטודיו בחירה עיצוב צעצועים - EMI,10.0,א,192,סקר הוראה סטודיו - א תשפד,6.8,6.9,7.0,7.0,192,23,10,43.478,0,1,"0,1"
1,4503162,סטודיו בחירה עיצוב צעצועים - EMI,10.0,א,192,סקר הוראה סטודיו - א תשפד,6.72727272727273,6.90909090909091,7.0,7.0,192,23,11,47.826,0,1,"0,1"
1,4503226,הדמיות דיגיטליות,10.0,א,192,סקר הוראה סטודיו - א תשפד,6.0,5.16666666666667,6.66666666666667,5.0,192,22,12,54.545,2,2,"2,2"
1,4503447,עיצוב תעשייתי מתקדם,10.0,א,192,סקר הוראה סטודיו - א תשפד,5.88888888888889,5.0,6.66666666666667,5.22222222222222,192,18,9,50.0,2,2,"2,2"
1,4503447,עיצוב תעשייתי מתקדם,10.0,א,192,סקר הוראה סטודיו - א תשפד,4.27272727272727,3.81818181818182,4.54545454545455,4.09090909090909,192,18,11,61.111,1,3,"1,3"
1,4600230,מזח 1: סטודיו חברה וקהילה 1,13.0,א,192,סקר הוראה סטודיו - א תשפד,4.25,4.08333333333333,4.5,4.61538461538462,192,38,13,34.211,1,3,"1,3"
1,4600230,מזח 1: סטודיו חברה וקהילה 1,13.0,א,192,סקר הוראה סטודיו - א תשפד,4.54545454545455,4.81818181818182,4.83333333333333,4.90909090909091,192,38,12,31.579,2,3,"2,3"
1,4600230,מזח 1: סטודיו חברה וקהילה 1,13.0,א,192,סקר הוראה סטודיו - א תשפד,4.11111111111111,4.0,3.66666666666667,4.88888888888889,192,38,9,23.684,1,3,"1,3"
1,4600230,מזח 1: סטודיו חברה וקהילה 1,13.0,א,192,סקר הוראה סטודיו - א תשפד,4.5,4.75,4.75,5.25,192,38,4,10.526,2,3,"2,3"
1,4600246,תכנון חלל באמצעות תאורה EMI,13.0,א,192,סקר הוראה סטודיו - א תשפד,6.85714285714286,6.57142857142857,6.85714285714286,6.71428571428571,192,18,14,77.778,0,1,"0,1"
1,4600269,לעצב סיפור,13.0,א,192,סקר הוראה סטודיו - א תשפד,6.5,6.5,6.5,7.0,192,18,2,11.111,0,1,"0,1"
1,4600275,חדר האישפוז בעידן המציאות הווירטואלית,13.0,א,192,סקר הוראה סטודיו - א תשפד,6.625,5.625,6.75,5.5,192,26,8,30.769,0,1,"0,1"
1,4600275,חדר האישפוז בעידן המציאות הווירטואלית,13.0,א,192,סקר הוראה סטודיו - א תשפד,6.14285714285714,5.85714285714286,6.57142857142857,5.85714285714286,192,26,7,26.923,0,1,"0,1"
1,4600275,חדר האישפוז בעידן המציאות הווירטואלית,80.0,א,192,סקר הוראה סטודיו - א תשפד,5.71428571428571,5.42857142857143,6.57142857142857,5.85714285714286,192,26,7,26.923,2,2,"2,2"
1,4600276,עיצוב תערוכות,13.0,א,192,סקר הוראה סטודיו - א תשפד,6.88888888888889,7.0,7.0,7.0,192,24,9,37.5,0,1,"0,1"
1,4600276,עיצוב תערוכות,80.0,א,192,סקר הוראה סטודיו - א תשפד,6.90909090909091,6.90909090909091,7.0,7.0,192,24,11,45.833,0,1,"0,1"
1,4600280,שימור במרחב הווירטואלי,13.0,א,192,סקר הוראה סטודיו - א תשפד,3.4,4.0,3.6,4.4,192,17,5,29.412,1,3,"1,3"
1,4601150,הכשרה בסדנת עיצוב  עץ מתכת,13.0,א,192,סקר הוראה סטודיו - א תשפד,6.625,5.22222222222222,6.35294117647059,5.23529411764706,192,30,18,60.0,2,2,"2,2"
1,4601215,סטודיו 1,13.0,א,192,סקר הוראה סטודיו - א תשפד,5.62068965517241,5.89655172413793,5.75862068965517,6.44827586206897,192,30,29,96.667,2,2,"2,2"
1,4601215,סטודיו 1,13.0,א,192,סקר הוראה סטודיו - א תשפד,5.3448275862069,5.79310344827586,5.79310344827586,6.48275862068965,192,30,29,96.667,2,2,"2,2"
1,4601236,חשיבה גרפית 1,13.0,א,192,סקר הוראה סטודיו - א תשפד,6.54545454545455,6.18181818181818,7.0,6.18181818181818,192,14,11,78.571,0,1,"0,1"
1,4601241,עיצוב בסיסי 1,13.0,א,192,סקר הוראה סטודיו - א תשפד,4.65,4.47368421052632,5.47368421052632,5.0,192,30,20,66.667,2,3,"2,3"
1,4601241,עיצוב בסיסי 1,10.0,א,192,סקר הוראה סטודיו - א תשפד,4.63636363636364,4.45454545454545,5.42857142857143,5.09523809523809,192,30,22,73.333,2,3,"2,3"
1,4602203,ארגז כלים 3,13.0,א,192,סקר הוראה סטודיו - א תשפד,6.35483870967742,5.625,6.61290322580645,5.78125,192,68,32,47.059,0,1,"0,1"
1,4602203,ארגז כלים 3,13.0,א,192,סקר הוראה סטודיו - א תשפד,6.0,5.83333333333333,6.33333333333333,6.16666666666667,192,68,6,8.824,0,1,"0,1"
1,4602203,ארגז כלים 3,13.0,א,192,סקר הוראה סטודיו - א תשפד,5.33333333333333,4.95833333333333,6.52173913043478,5.82608695652174,192,68,24,35.294,2,2,"2,2"
1,4602203,ארגז כלים 3,13.0,א,192,סקר הוראה סטודיו - א תשפד,6.2,6.375,6.09090909090909,5.8,192,68,11,16.176,0,1,"0,1"
1,4602203,ארגז כלים 3,13.0,א,192,סקר הוראה סטודיו - א תשפד,5.82352941176471,5.33333333333333,5.76470588235294,5.5,192,68,18,26.471,2,2,"2,2"
1,4602215,סטודיו 3 EMI,13.0,א,192,סקר הוראה סטודיו - א תשפד,5.92307692307692,6.07692307692308,6.46153846153846,6.23076923076923,192,34,13,38.235,0,1,"0,1"
1,4602215,סטודיו 3 EMI,13.0,א,192,סקר הוראה סטודיו - א תשפד,6.25,6.25,6.75,6.25,192,34,16,47.059,0,1,"0,1"
1,4602248,קראפט דיגיטלי במרחב 1,13.0,א,192,סקר הוראה סטודיו - א תשפד,2.69565217391304,1.95652173913043,2.78260869565217,2.52173913043478,192,37,23,62.162,1,3,"1,3"
1,4602248,קראפט דיגיטלי במרחב 1,13.0,א,192,סקר הוראה סטודיו - א תשפד,1.63636363636364,1.63636363636364,2.18181818181818,1.90909090909091,192,37,11,29.73,1,3,"1,3"
1,4602248,קראפט דיגיטלי במרחב 1,5.0,א,192,סקר הוראה סטודיו - א תשפד,2.38888888888889,2.0,3.16666666666667,2.22222222222222,192,37,18,48.649,1,3,"1,3"
1,4602248,קראפט דיגיטלי במרחב 1,13.0,א,192,סקר הוראה סטודיו - א תשפד,2.11764705882353,1.94444444444444,3.0,2.22222222222222,192,37,18,48.649,1,3,"1,3"
1,4603215,סטודיו 5,13.0,א,192,סקר הוראה סטודיו - א תשפד,5.83333333333333,6.0,6.63636363636364,6.09090909090909,192,28,12,42.857,0,1,"0,1"
1,4603215,סטודיו 5,13.0,א,192,סקר הוראה סטודיו - א תשפד,6.28571428571429,5.85714285714286,6.76923076923077,6.38461538461539,192,28,14,50.0,0,1,"0,1"
1,4603224,ארגז כלים 5,13.0,א,192,סקר הוראה סטודיו - א תשפד,4.47826086956522,4.1304347826087,5.52173913043478,4.30434782608696,192,61,23,37.705,2,3,"2,3"
1,4603224,ארגז כלים 5,13.0,א,192,סקר הוראה סטודיו - א תשפד,5.58823529411765,5.5,6.4375,5.4375,192,61,17,27.869,2,2,"2,2"
1,4603224,ארגז כלים 5,13.0,א,192,סקר הוראה סטודיו - א תשפד,4.55555555555556,5.41176470588235,6.23529411764706,5.52941176470588,192,61,18,29.508,2,2,"2,2"
1,4603802,המבנה ומרכיביו 1,13.0,א,192,סקר הוראה סטודיו - א תשפד,6.4,6.4,6.6,6.3,192,18,10,55.556,0,1,"0,1"
1,4604215,סטודיו 7,13.0,א,192,סקר הוראה סטודיו - א תשפד,6.0,6.0,6.5,6.5,192,74,2,2.703,0,1,"0,1"
1,4604215,סטודיו 7,13.0,א,192,סקר הוראה סטודיו - א תשפד,4.66666666666667,5.0,5.66666666666667,5.0,192,74,3,4.054,2,2,"2,2"
1,4604215,סטודיו 7,13.0,א,192,סקר הוראה סטודיו - א תשפד,6.5,5.33333333333333,7.0,6.16666666666667,192,74,6,8.108,0,1,"0,1"
1,4604215,סטודיו 7,13.0,א,192,סקר הוראה סטודיו - א תשפד,3.0,3.5,4.0,4.5,192,74,2,2.703,1,3,"1,3"
1,4604215,סטודיו 7,13.0,א,192,סקר הוראה סטודיו - א תשפד,6.0,6.5,7.0,5.0,192,74,2,2.703,0,2,"0,2"
1,4604600,הכנה לפרויקט גמר ועבודת גמר עיונית,13.0,א,192,סקר הוראה סטודיו - א תשפד,2.0,1.0,2.0,2.0,192,74,1,1.351,1,3,"1,3"
1,4604600,הכנה לפרויקט גמר ועבודת גמר עיונית,80.0,א,192,סקר הוראה סטודיו - א תשפד,5.88888888888889,6.0,6.0,6.11111111111111,192,74,9,12.162,0,1,"0,1"
1,4645100,עיצוב מטבח העתיד - שיתוף פעולה,13.0,א,192,סקר הוראה סטודיו - א תשפד,5.0,3.33333333333333,6.0,5.33333333333333,192,24,3,12.5,2,2,"2,2"
1,4645100,עיצוב מטבח העתיד - שיתוף פעולה,10.0,א,192,סקר הוראה סטודיו - א תשפד,5.33333333333333,3.66666666666667,6.0,5.33333333333333,192,24,3,12.5,2,2,"2,2"
1,4700210,עיצוב סאונד למשחקים,165.0,א,190,סקר הוראה שיעור (עיצוב) - א תשפד,5.88888888888889,5.33333333333333,6.77777777777778,5.66666666666667,190,16,9,56.25,2,2,"2,2"
1,4700224,קרמיקה (מעין אליקים),15.0,א,192,סקר הוראה סטודיו - א תשפד,6.5,7.0,6.75,7.0,192,15,4,26.667,0,1,"0,1"
1,4700224,קרמיקה (מעין אליקים),15.0,א,192,סקר הוראה סטודיו - א תשפד,6.66666666666667,5.0,6.66666666666667,5.0,192,15,3,20.0,2,2,"2,2"
1,4700234,עיצוב תערוכות,15.0,א,192,סקר הוראה סטודיו - א תשפד,6.66666666666667,5.83333333333333,6.66666666666667,6.16666666666667,192,10,6,60.0,0,1,"0,1"
1,4700343,צילום מבויים (שירלי וגנר וטל ניסים),15.0,א,192,סקר הוראה סטודיו - א תשפד,6.44444444444444,6.44444444444444,6.66666666666667,6.44444444444444,192,21,9,42.857,0,1,"0,1"
1,4700343,צילום מבויים (שירלי וגנר וטל ניסים),15.0,א,192,סקר הוראה סטודיו - א תשפד,6.0,6.375,5.75,6.125,192,21,8,38.095,0,1,"0,1"
1,4700400,פיסול (גל וינשטיין),15.0,א,192,סקר הוראה סטודיו - א תשפד,6.5,7.0,7.0,6.75,192,18,4,22.222,0,1,"0,1"
1,4700400,פיסול (גל וינשטיין),15.0,א,192,סקר הוראה סטודיו - א תשפד,6.4,6.8,7.0,6.6,192,18,5,27.778,0,1,"0,1"
1,4700405,אנימציה,15.0,א,192,סקר הוראה סטודיו - א תשפד,5.0,4.33333333333333,5.41666666666667,5.5,192,15,12,80.0,2,3,"2,3"
1,4700406,בינה מלאכותית ומחוללי דימויים,15.0,א,192,סקר הוראה סטודיו - א תשפד,6.16666666666667,6.33333333333333,6.83333333333333,6.5,192,17,6,35.294,0,1,"0,1"
1,4700406,בינה מלאכותית ומחוללי דימויים,15.0,א,192,סקר הוראה סטודיו - א תשפד,6.5,6.75,6.5,6.75,192,17,4,23.529,0,1,"0,1"
1,4700409,מכונות אמנות,15.0,א,192,סקר הוראה סטודיו - א תשפד,7.0,7.0,7.0,7.0,192,9,2,22.222,0,1,"0,1"
1,4700410,מחקר אמנות,15.0,א,192,סקר הוראה סטודיו - א תשפד,5.875,6.5,6.875,7.0,192,12,8,66.667,0,1,"0,1"
1,4700412,הפנים,15.0,א,192,סקר הוראה סטודיו - א תשפד,4.9,5.2,5.9,5.9,192,20,10,50.0,2,2,"2,2"
1,4700413,הפיגורטיבי,15.0,א,192,סקר הוראה סטודיו - א תשפד,6.18181818181818,6.0,6.45454545454545,5.8,192,20,11,55.0,0,1,"0,1"
1,4700413,הפיגורטיבי,15.0,א,192,סקר הוראה סטודיו - א תשפד,5.15384615384615,5.46153846153846,5.61538461538462,5.0,192,20,13,65.0,2,2,"2,2"
1,4700416,קולאז',15.0,א,192,סקר הוראה סטודיו - א תשפד,6.69230769230769,6.69230769230769,6.61538461538462,6.84615384615385,192,19,13,68.421,0,1,"0,1"
1,4700502,הדפס (מתי הראל),15.0,א,192,סקר הוראה סטודיו - א תשפד,6.75,6.75,7.0,7.0,192,19,4,21.053,0,1,"0,1"
1,4700502,הדפס (מתי הראל),15.0,א,192,סקר הוראה סטודיו - א תשפד,6.85714285714286,7.0,7.0,7.0,192,19,7,36.842,0,1,"0,1"
1,4700711,ציור גדול (גלעד אפרת),15.0,א,192,סקר הוראה סטודיו - א תשפד,6.57142857142857,6.8,7.0,6.66666666666667,192,16,7,43.75,0,1,"0,1"
1,4700711,ציור גדול (גלעד אפרת),15.0,א,192,סקר הוראה סטודיו - א תשפד,6.5,6.0,6.5,6.6,192,16,10,62.5,0,1,"0,1"
1,4700916,סדנת פחלוץ,15.0,א,192,סקר הוראה סטודיו - א תשפד,4.4,5.0,5.4,6.0,192,14,5,35.714,2,2,"2,2"
1,4700928,סדנת ספרי פופ-אפ - EMI,15.0,א,192,סקר הוראה סטודיו - א תשפד,7.0,6.85714285714286,7.0,7.0,192,14,7,50.0,0,1,"0,1"
1,4700935,סדנת מיפוי וידאו ( טאצ'-דיזיינר),15.0,א,192,סקר הוראה סטודיו - א תשפד,6.625,6.75,6.75,6.625,192,16,8,50.0,0,1,"0,1"
1,4700947,סדנת נגרות מסורתית,15.0,א,192,סקר הוראה סטודיו - א תשפד,6.66666666666667,6.33333333333333,6.33333333333333,6.33333333333333,192,16,3,18.75,0,1,"0,1"
1,4700956,סדנת הגדלה ממודל פיסול ציבורי - אישי,15.0,א,192,סקר הוראה סטודיו - א תשפד,6.5,6.75,5.75,3.33333333333333,192,9,4,44.444,2,2,"2,2"
1,4700958,סדנת תפירה,4.0,א,192,סקר הוראה סטודיו - א תשפד,6.71428571428571,6.57142857142857,6.28571428571429,6.57142857142857,192,12,7,58.333,0,1,"0,1"
1,4700990,סדנת יוניטי,15.0,א,192,סקר הוראה סטודיו - א תשפד,6.375,6.5,6.71428571428571,6.625,192,9,8,88.889,0,1,"0,1"
1,4701115,פורום א-1,15.0,א,190,סקר הוראה שיעור (עיצוב) - א תשפד,4.16666666666667,3.91666666666667,6.08333333333333,4.25,190,18,12,66.667,2,3,"2,3"
1,4701201,עיצוב והדמיה,12.0,א,192,סקר הוראה סטודיו - א תשפד,7.0,6.8,7.0,7.0,192,21,10,47.619,0,1,"0,1"
1,4701202,פיתוח מכניקות משחקיות,165.0,א,192,סקר הוראה סטודיו - א תשפד,6.8,6.9,6.9,7.0,192,20,10,50.0,0,1,"0,1"
1,4701203,"לודולוגיה, אסתטיקה ותאוריה של משחקים",165.0,א,192,סקר הוראה סטודיו - א תשפד,6.88888888888889,6.33333333333333,7.0,6.44444444444444,192,20,9,45.0,0,1,"0,1"
1,4701216,רישום א1,15.0,א,192,סקר הוראה סטודיו - א תשפד,5.875,5.0,6.625,5.875,192,16,8,50.0,2,2,"2,2"
1,4701216,רישום א1,15.0,א,192,סקר הוראה סטודיו - א תשפד,6.83333333333333,6.83333333333333,7.0,6.83333333333333,192,16,6,37.5,0,1,"0,1"
1,4701217,עיצוב לחוויות מציאות מועשרת,165.0,א,192,סקר הוראה סטודיו - א תשפד,6.33333333333333,5.83333333333333,6.58333333333333,5.91666666666667,192,23,12,52.174,0,1,"0,1"
1,4701222,מקונספט למשחק במגבלות הUGC,165.0,א,190,סקר הוראה שיעור (עיצוב) - א תשפד,3.5,1.0,1.5,1.0,190,8,2,25.0,1,3,"1,3"
1,4701222,מקונספט למשחק במגבלות הUGC,165.0,א,190,סקר הוראה שיעור (עיצוב) - א תשפד,5.0,1.0,1.0,1.0,190,8,1,12.5,1,3,"1,3"
1,4701224,ציור א1,15.0,א,192,סקר הוראה סטודיו - א תשפד,6.125,5.875,6.5,5.75,192,20,8,40.0,0,1,"0,1"
1,4701224,ציור א1,15.0,א,192,סקר הוראה סטודיו - א תשפד,6.11111111111111,6.22222222222222,5.33333333333333,5.66666666666667,192,20,9,45.0,2,1,"2,1"
1,4701262,פיסול א1,15.0,א,192,סקר הוראה סטודיו - א תשפד,5.4,5.0,6.0,5.54545454545455,192,21,11,52.381,2,2,"2,2"
1,4701262,פיסול א1,15.0,א,192,סקר הוראה סטודיו - א תשפד,5.14285714285714,4.5,5.64285714285714,4.78571428571429,192,21,14,66.667,2,2,"2,2"
1,4701300,"יסודות: צורה, איזון, מתח",15.0,א,192,סקר הוראה סטודיו - א תשפד,4.46153846153846,4.30769230769231,4.53846153846154,5.38461538461539,192,20,13,65.0,2,3,"2,3"
1,4701308,הפייפליין - בלנדר,15.0,א,192,סקר הוראה סטודיו - א תשפד,6.2,5.9,6.7,5.6,192,18,10,55.556,0,1,"0,1"
1,4701311,הפייפליין 1,15.0,א,192,סקר הוראה סטודיו - א תשפד,6.5,5.875,6.625,5.75,192,17,8,47.059,0,1,"0,1"
1,4701311,הפייפליין 1,15.0,א,192,סקר הוראה סטודיו - א תשפד,6.33333333333333,5.83333333333333,6.71428571428571,5.5,192,17,7,41.176,0,1,"0,1"
1,4701401,קולנוע קצר,15.0,א,192,סקר הוראה סטודיו - א תשפד,5.83333333333333,5.75,6.5,6.5,192,18,12,66.667,0,1,"0,1"
1,4701805,שיטות וכלים בתכנות בסיסי למשחקים דיגיטליים,7.0,א,190,סקר הוראה שיעור (עיצוב) - א תשפד,5.0,5.5,6.8,5.2,190,10,6,60.0,2,2,"2,2"
1,4701806,שיטות וכלים בתכנות מתקדם למשחקים דיגיטליים,165.0,א,190,סקר הוראה שיעור (עיצוב) - א תשפד,6.25,6.5,7.0,6.75,190,7,4,57.143,0,1,"0,1"
1,4702100,אסתטיקה,60.0,א,190,סקר הוראה שיעור (עיצוב) - א תשפד,5.48387096774194,5.12903225806452,5.7741935483871,5.48387096774194,190,42,31,73.81,2,2,"2,2"
1,4702104,מבוא לאמנות ימי הביניים 2,60.0,א,190,סקר הוראה שיעור (עיצוב) - א תשפד,6.39285714285714,6.44444444444444,6.15789473684211,6.17857142857143,190,47,28,59.574,0,1,"0,1"
1,4702117,פורום  ב-1,15.0,א,190,סקר הוראה שיעור (עיצוב) - א תשפד,5.75,5.58333333333333,5.58333333333333,5.41666666666667,190,17,12,70.588,2,2,"2,2"
1,4702210,תסריטאות למשחקים דיגיטליים,165.0,א,192,סקר הוראה סטודיו - א תשפד,6.0,6.0,6.75,6.375,192,20,8,40.0,0,1,"0,1"
1,4702214,כלכלה התנהגותית ומשחקים דיגיטליים,165.0,א,190,סקר הוראה שיעור (עיצוב) - א תשפד,6.33333333333333,6.0,6.83333333333333,6.16666666666667,190,8,6,75.0,0,1,"0,1"
1,4702214,כלכלה התנהגותית ומשחקים דיגיטליים,165.0,א,190,סקר הוראה שיעור (עיצוב) - א תשפד,6.66666666666667,6.5,6.83333333333333,6.66666666666667,190,8,6,75.0,0,1,"0,1"
1,4702218,MASTER CLASS A,165.0,א,190,סקר הוראה שיעור (עיצוב) - א תשפד,5.92857142857143,5.35714285714286,6.35714285714286,5.42857142857143,190,36,14,38.889,2,2,"2,2"
1,4702220,משחקים וספורט מקצועי,165.0,א,190,סקר הוראה שיעור (עיצוב) - א תשפד,7.0,7.0,6.5,7.0,190,7,2,28.571,0,1,"0,1"
1,4702222,פרו-סמינריון חקרי מקרה,165.0,א,190,סקר הוראה שיעור (עיצוב) - א תשפד,6.14285714285714,6.42857142857143,6.57142857142857,6.28571428571429,190,22,7,31.818,0,1,"0,1"
1,4702222,פרו-סמינריון חקרי מקרה,165.0,א,190,סקר הוראה שיעור (עיצוב) - א תשפד,4.8,5.0,5.8,4.8,190,22,5,22.727,2,2,"2,2"
1,4702222,פרו-סמינריון חקרי מקרה,165.0,א,190,סקר הוראה שיעור (עיצוב) - א תשפד,5.8,5.6,6.2,5.8,190,22,5,22.727,2,2,"2,2"
1,4703115,פורום ג-1,15.0,א,190,סקר הוראה שיעור (עיצוב) - א תשפד,6.5,6.375,6.625,6.0,190,17,8,47.059,0,1,"0,1"
1,4900305,פרויקט אינטראקטיבי במרכז כדר - בחירה,80.0,א,192,סקר הוראה סטודיו - א תשפד,6.75,7.0,7.0,7.0,192,8,4,50.0,0,1,"0,1"
1,4900306,"מחקר חפץ: התבוננות,חקר,יצירה - בחירה",80.0,א,192,סקר הוראה סטודיו - א תשפד,6.11111111111111,6.44444444444444,6.88888888888889,6.55555555555556,192,16,9,56.25,0,1,"0,1"
1,4900306,"מחקר חפץ: התבוננות,חקר,יצירה - בחירה",10.0,א,192,סקר הוראה סטודיו - א תשפד,6.22222222222222,6.44444444444444,6.77777777777778,6.33333333333333,192,16,9,56.25,0,1,"0,1"
1,4900323,עיצוב אמנות וטכנולוגיה - בחירה,154.0,א,192,סקר הוראה סטודיו - א תשפד,3.8,4.2,6.4,5.4,192,8,5,62.5,2,2,"2,2"
1,4900330,בין הדסקטופ לשולחן עבודה - בחירה,12.0,א,192,סקר הוראה סטודיו - א תשפד,6.0,6.5,6.75,6.5,192,11,4,36.364,0,1,"0,1"
1,4900330,בין הדסקטופ לשולחן עבודה - בחירה,12.0,א,192,סקר הוראה סטודיו - א תשפד,5.0,6.0,5.8,6.8,192,11,5,45.455,2,2,"2,2"
1,4901122,הפילוסופיה של העיצוב-חלק א' - חובה,60.0,א,190,סקר הוראה שיעור (עיצוב) - א תשפד,6.85714285714286,6.78571428571429,6.92857142857143,6.71428571428571,190,21,14,66.667,0,1,"0,1"
1,4901650,פרויקט גמר מעשי - איסוף,154.0,א,192,סקר הוראה סטודיו - א תשפד,6.0,6.25,6.5,6.5,192,21,4,19.048,0,1,"0,1"
1,4901650,פרויקט גמר מעשי - איסוף,12.0,א,192,סקר הוראה סטודיו - א תשפד,5.42857142857143,6.14285714285714,6.57142857142857,6.0,192,21,7,33.333,0,2,"0,2"
1,7000100,FUTURE THINKING IN DESIGN,10.0,א,192,סקר הוראה סטודיו - א תשפד,5.5,6.0,5.5,5.0,192,13,2,15.385,2,2,"2,2"
1,7000100,FUTURE THINKING IN DESIGN,10.0,א,192,סקר הוראה סטודיו - א תשפד,6.0,4.5,6.0,5.0,192,13,2,15.385,2,2,"2,2"
2,1000101,אנגלית בסיסי,50.0,א,190,סקר הוראה שיעור (עיצוב) - א תשפד,6.6,6.75,6.9,6.5,190,30,20,66.667,0,1,"0,1"
2,1000102,אנגלית מתקדמים א,50.0,א,190,סקר הוראה שיעור (עיצוב) - א תשפד,5.16129032258065,4.93548387096774,5.61290322580645,4.67741935483871,190,47,31,65.957,2,2,"2,2"
2,1000103,אנגלית מתקדמים ב,50.0,א,190,סקר הוראה שיעור (עיצוב) - א תשפד,6.75,6.65,6.75,6.5,190,44,20,45.455,0,1,"0,1"
2,3100568,מבני נתונים ואלגוריתמים-תרגיל,70.0,א,191,סקר הוראה תרגול - א תשפד,6.71428571428571,6.71428571428571,6.71428571428571,7.0,191,35,7,20.0,0,1,"0,1"
2,3102524,בסיסי נתונים-תרגיל,1.0,א,191,סקר הוראה תרגול - א תשפד,6.75,6.875,7.0,7.0,191,22,8,36.364,0,1,"0,1"
2,3102550,סטטיסטיקה 1-תרגיל,1.0,א,191,סקר הוראה תרגול - א תשפד,6.71428571428571,7.0,6.71428571428571,6.85714285714286,191,33,7,21.212,0,1,"0,1"
2,3102551,יסודות החשבונאות-תרגיל,1.0,א,191,סקר הוראה תרגול - א תשפד,4.85714285714286,4.57142857142857,6.85714285714286,4.71428571428571,191,36,7,19.444,2,2,"2,2"
2,3103558,סימולציה-תרגיל,1.0,א,191,סקר הוראה תרגול - א תשפד,5.5,5.75,6.25,4.75,191,20,4,20.0,2,2,"2,2"
2,3311306,כימיה כללית-מעבדה,9.0,א,193,סקר הוראה מעבדה - א תשפד,5.375,5.75,5.125,5.5,193,13,8,61.538,2,2,"2,2"
2,3401206,מעבדה בכימיה כללית ואנאורגנית,9.0,א,193,סקר הוראה מעבדה - א תשפד,7.0,7.0,7.0,7.0,193,12,4,33.333,0,1,"0,1"
2,3401206,מעבדה בכימיה כללית ואנאורגנית,6.0,א,193,סקר הוראה מעבדה - א תשפד,7.0,7.0,6.5,7.0,193,12,4,33.333,0,1,"0,1"
2,3500550,לוגיקה מתמטית ותורת הקבוצות-תרגיל,7.0,א,191,סקר הוראה תרגול - א תשפד,5.83333333333333,5.5,6.0,5.66666666666667,191,21,6,28.571,2,2,"2,2"
2,3501501,מערכות ספרתיות - תרגיל,7.0,א,191,סקר הוראה תרגול - א תשפד,6.33333333333333,6.88888888888889,6.55555555555556,6.72222222222222,191,27,18,66.667,0,1,"0,1"
2,3501565,תכנות 1 - תרגיל,7.0,א,191,סקר הוראה תרגול - א תשפד,6.8,6.6,6.6,6.6,191,11,5,45.455,0,1,"0,1"
2,3502510,מבני נתונים-תרגיל,7.0,א,191,סקר הוראה תרגול - א תשפד,6.71428571428571,6.85714285714286,6.71428571428571,6.57142857142857,191,18,7,38.889,0,1,"0,1"
2,3502562,תכנות 3 - תרגיל,7.0,א,191,סקר הוראה תרגול - א תשפד,7.0,6.71428571428571,7.0,7.0,191,15,7,46.667,0,1,"0,1"
2,3503540,שיטות בהנדסת תוכנה-תרגיל,7.0,א,191,סקר הוראה תרגול - א תשפד,6.75,6.625,6.875,6.375,191,26,8,30.769,0,1,"0,1"
2,3504513,חישוביות סיבוכיות-תרגיל,7.0,א,191,סקר הוראה תרגול - א תשפד,7.0,6.85714285714286,7.0,6.85714285714286,191,22,7,31.818,0,1,"0,1"
2,3900500,"חדו""א 0-תרגיל",70.0,א,191,סקר הוראה תרגול - א תשפד,6.42857142857143,6.28571428571429,6.78571428571429,6.57142857142857,191,32,14,43.75,0,1,"0,1"
2,3900501,"חדו""א 1-תרגיל",70.0,א,191,סקר הוראה תרגול - א תשפד,5.33333333333333,5.33333333333333,6.0,5.22222222222222,191,28,9,32.143,2,2,"2,2"
2,3900507,"חדו""א מוגבר 1-תרגיל",70.0,א,191,סקר הוראה תרגול - א תשפד,6.0,5.94117647058824,6.52941176470588,5.82352941176471,191,27,17,62.963,0,1,"0,1"
2,3900510,פיסיקה 0-תרגיל,70.0,א,191,סקר הוראה תרגול - א תשפד,6.35714285714286,6.21428571428571,6.57142857142857,6.71428571428571,191,23,14,60.87,0,1,"0,1"
2,3900511,פיסיקה 1 (מכניקה)-תרגיל,70.0,א,191,סקר הוראה תרגול - א תשפד,5.875,5.625,5.875,5.0,191,26,8,30.769,2,2,"2,2"
2,3900517,פיסיקה 1 לתוכנה וחשמל- תרגיל,70.0,א,191,סקר הוראה תרגול - א תשפד,6.6,6.2,6.6,6.4,191,28,15,53.571,0,1,"0,1"
2,3902520,אלגברה לינארית-תרגיל,70.0,א,191,סקר הוראה תרגול - א תשפד,5.28571428571429,4.28571428571429,6.71428571428571,5.28571428571429,191,19,7,36.842,2,2,"2,2"
2,4001106,תולדות היצירה 1,60.0,א,190,סקר הוראה שיעור (עיצוב) - א תשפד,5.40277777777778,4.98611111111111,6.19718309859155,4.95833333333333,190,125,72,57.6,2,2,"2,2"
2,4002107,תולדות היצירה 3,60.0,א,190,סקר הוראה שיעור (עיצוב) - א תשפד,6.71830985915493,6.64788732394366,6.74603174603175,6.54285714285714,190,149,71,47.651,0,1,"0,1"
2,4041702,עבודת גמר עיונית,80.0,א,190,סקר הוראה שיעור (עיצוב) - א תשפד,6.4,6.2,6.75,6.6,190,26,5,19.231,0,1,"0,1"
2,4044106,כתיבה יוצרת,80.0,א,190,סקר הוראה שיעור (עיצוב) - א תשפד,6.23529411764706,6.35294117647059,6.52941176470588,6.41176470588235,190,20,17,85.0,0,1,"0,1"
2,4045704,עבודת גמר עיונית,60.0,א,190,סקר הוראה שיעור (עיצוב) - א תשפד,6.14285714285714,6.42857142857143,6.0,6.0,190,11,7,63.636,0,1,"0,1"
2,4046205,כתיבה יוצרת,60.0,א,190,סקר הוראה שיעור (עיצוב) - א תשפד,5.13333333333333,5.0625,6.0,5.625,190,20,16,80.0,2,2,"2,2"
2,4101101,איורי אופנה 1,4.0,א,192,סקר הוראה סטודיו - א תשפד,6.6,6.8,6.8,6.5,192,19,10,52.632,0,1,"0,1"
2,4101103,פוטושופ,4.0,א,192,סקר הוראה סטודיו - א תשפד,5.09090909090909,3.54545454545455,3.90909090909091,4.18181818181818,192,19,11,57.895,1,3,"1,3"
2,4101106,איור טכני,4.0,א,192,סקר הוראה סטודיו - א תשפד,5.27272727272727,4.63636363636364,4.90909090909091,4.54545454545455,192,19,11,57.895,2,3,"2,3"
2,4101118,רישום עירום,4.0,א,192,סקר הוראה סטודיו - א תשפד,3.77777777777778,4.55555555555556,4.66666666666667,5.11111111111111,192,19,9,47.368,1,3,"1,3"
2,4102202,איורי אופנה 3,4.0,א,192,סקר הוראה סטודיו - א תשפד,5.92857142857143,4.5,5.57142857142857,5.42857142857143,192,16,14,87.5,2,2,"2,2"
2,4102214,דיגום חופשי 3,4.0,א,192,סקר הוראה סטודיו - א תשפד,6.625,6.4375,6.375,6.25,192,16,16,100.0,0,1,"0,1"
2,4102235,תדמיתנות בעולם הדיגיטלי,4.0,א,192,סקר הוראה סטודיו - א תשפד,5.2,5.0,6.06666666666667,5.06666666666667,192,16,15,93.75,2,2,"2,2"
2,4111677,מבוא לפרוייקטים,4.0,א,192,סקר הוראה סטודיו - א תשפד,5.28571428571429,6.0,6.57142857142857,6.71428571428571,192,14,7,50.0,0,1,"0,1"
2,4111682,דיגום חופשי 1,4.0,א,192,סקר הוראה סטודיו - א תשפד,5.11111111111111,6.11111111111111,5.55555555555556,5.8,192,19,10,52.632,2,2,"2,2"
2,4111684,קו ותפר 1,4.0,א,192,סקר הוראה סטודיו - א תשפד,6.85714285714286,6.85714285714286,7.0,6.71428571428571,192,11,7,63.636,0,1,"0,1"
2,4112652,פרויקט הסטוריה של הלבוש,4.0,א,192,סקר הוראה סטודיו - א תשפד,6.41666666666667,6.0,6.16666666666667,5.5,192,17,12,70.588,0,1,"0,1"
2,4113237,בניית קולקציות ב',4.0,א,192,סקר הוראה סטודיו - א תשפד,5.90909090909091,5.18181818181818,6.36363636363636,5.54545454545455,192,22,11,50.0,2,2,"2,2"
2,4201225,אדובי פוטושופ,5.0,א,192,סקר הוראה סטודיו - א תשפד,6.75,6.08333333333333,6.83333333333333,6.58333333333333,192,15,12,80.0,0,1,"0,1"
2,4201248,עיצוב בסיסי,5.0,א,192,סקר הוראה סטודיו - א תשפד,5.85714285714286,6.5,6.66666666666667,6.83333333333333,192,15,7,46.667,0,1,"0,1"
2,4201252,סטודיו קונספט 1,5.0,א,192,סקר הוראה סטודיו - א תשפד,6.08333333333333,6.08333333333333,5.90909090909091,5.75,192,15,12,80.0,2,1,"2,1"
2,4201255,מבוא לתלת מימד,10.0,א,192,סקר הוראה סטודיו - א תשפד,2.66666666666667,3.83333333333333,4.33333333333333,5.5,192,14,6,42.857,1,3,"1,3"
2,4202200,צביעה ואשפרה,5.0,א,192,סקר הוראה סטודיו - א תשפד,6.57142857142857,6.42857142857143,6.71428571428571,5.5,192,10,7,70.0,0,1,"0,1"
2,4202234,מבוא לסיבים וחוטים,5.0,א,190,סקר הוראה שיעור (עיצוב) - א תשפד,5.75,5.33333333333333,5.66666666666667,5.33333333333333,190,15,12,80.0,2,2,"2,2"
2,4203232,הצגת יחיד,5.0,א,192,סקר הוראה סטודיו - א תשפד,6.75,6.25,6.5,6.625,192,14,8,57.143,0,1,"0,1"
2,4243216,תוצר מכונה: שטחים ומשטחים בסריגה,5.0,א,192,סקר הוראה סטודיו - א תשפד,7.0,7.0,7.0,7.0,192,6,1,16.667,0,1,"0,1"
2,4243281,סריגה ממוחשבת שטוחה,5.0,א,192,סקר הוראה סטודיו - א תשפד,6.75,5.75,7.0,7.0,192,7,4,57.143,0,1,"0,1"
2,4400312,שפת עיצוב: צורה,12.0,א,192,סקר הוראה סטודיו - א תשפד,4.83333333333333,5.5,4.83333333333333,6.27777777777778,192,25,18,72.0,2,2,"2,2"
2,4401207,רישום 1,12.0,א,192,סקר הוראה סטודיו - א תשפד,6.1875,6.0625,6.5625,6.0,192,24,16,66.667,0,1,"0,1"
2,4401220,עיצוב גרפי 1,12.0,א,192,סקר הוראה סטודיו - א תשפד,5.28,5.95833333333333,6.70833333333333,6.44,192,25,25,100.0,0,1,"0,1"
2,4401223,טיפוגרפיה 1,12.0,א,192,סקר הוראה סטודיו - א תשפד,5.86363636363636,5.22727272727273,6.72727272727273,5.59090909090909,192,25,22,88.0,2,2,"2,2"
2,4401225,מבוא לאיור 1,12.0,א,192,סקר הוראה סטודיו - א תשפד,6.52941176470588,6.9375,6.5625,6.8125,192,25,17,68.0,0,1,"0,1"
2,4401229,העברת מסר,12.0,א,192,סקר הוראה סטודיו - א תשפד,4.5,5.625,4.375,5.5,192,25,16,64.0,2,2,"2,2"
2,4403334,מיתוג ככלי ערכי (התמחות רב תחומי),12.0,א,192,סקר הוראה סטודיו - א תשפד,4.625,4.0,5.375,5.125,192,17,8,47.059,2,3,"2,3"
2,4404019,מעבדה: מעבדה לעיצוב פרמטרי,12.0,א,192,סקר הוראה סטודיו - א תשפד,6.25,5.75,7.0,6.5,192,13,4,30.769,0,1,"0,1"
2,4404024,מעבדה: מבט שני,12.0,א,192,סקר הוראה סטודיו - א תשפד,5.6,5.4,6.6,6.4,192,16,5,31.25,0,1,"0,1"
2,4404402,עיצוב פונט,12.0,א,192,סקר הוראה סטודיו - א תשפד,5.0,4.71428571428571,6.57142857142857,5.33333333333333,192,20,7,35.0,2,2,"2,2"
2,4404405,עיצוב מותג טלויזיוני,12.0,א,192,סקר הוראה סטודיו - א תשפד,6.6,6.2,6.6,6.8,192,19,5,26.316,0,1,"0,1"
2,4412220,טיפוגרפיה 3,12.0,א,192,סקר הוראה סטודיו - א תשפד,6.82352941176471,6.4375,6.88235294117647,6.64705882352941,192,26,17,65.385,0,1,"0,1"
2,4412225,המעצב כיוצר דימוי,12.0,א,192,סקר הוראה סטודיו - א תשפד,3.11111111111111,3.61111111111111,5.61111111111111,4.55555555555556,192,24,18,75.0,1,3,"1,3"
2,4412228,וידיאו למעצבים,12.0,א,192,סקר הוראה סטודיו - א תשפד,6.58823529411765,6.125,6.6875,5.88235294117647,192,25,17,68.0,0,1,"0,1"
2,4412242,מבוא לאנימציה,12.0,א,192,סקר הוראה סטודיו - א תשפד,6.92307692307692,6.69230769230769,7.0,6.46153846153846,192,25,13,52.0,0,1,"0,1"
2,4412304,מחשב:  אינדיזיין,12.0,א,192,סקר הוראה סטודיו - א תשפד,3.76923076923077,3.14285714285714,3.92857142857143,2.92307692307692,192,24,14,58.333,1,3,"1,3"
2,4412305,מחשב: אפטר אפקטס,12.0,א,192,סקר הוראה סטודיו - א תשפד,6.78571428571429,6.5,6.85714285714286,6.78571428571429,192,24,14,58.333,0,1,"0,1"
2,4413212,מבוא למיתוג,12.0,א,192,סקר הוראה סטודיו - א תשפד,6.75,6.5,6.625,6.75,192,20,8,40.0,0,1,"0,1"
2,4413222,תוכן מורכב,12.0,א,192,סקר הוראה סטודיו - א תשפד,3.875,4.5,4.375,5.375,192,18,8,44.444,1,3,"1,3"
2,4452001,אינטראקטיב 2,12.0,א,192,סקר הוראה סטודיו - א תשפד,5.33333333333333,5.33333333333333,6.26666666666667,5.2,192,25,15,60.0,2,2,"2,2"
2,4452305,עיצוב רציונאלי,12.0,א,192,סקר הוראה סטודיו - א תשפד,5.9,6.1,6.8,5.7,192,17,10,58.824,0,1,"0,1"
2,4452306,עיצוב ריגשי,12.0,א,192,סקר הוראה סטודיו - א תשפד,6.22222222222222,6.0,7.0,6.33333333333333,192,17,9,52.941,0,1,"0,1"
2,4501112,רישום למעצבים 1,10.0,א,192,סקר הוראה סטודיו - א תשפד,4.88888888888889,5.22222222222222,5.88888888888889,4.55555555555556,192,19,9,47.368,2,2,"2,2"
2,4501150,רישום מהתבוננות,10.0,א,190,סקר הוראה שיעור (עיצוב) - א תשפד,5.09090909090909,5.45454545454545,6.25,5.4,190,16,11,68.75,2,2,"2,2"
2,4501158,מודלים 1,10.0,א,190,סקר הוראה שיעור (עיצוב) - א תשפד,7.0,7.0,7.0,6.8,190,19,10,52.632,0,1,"0,1"
2,4501230,ריינו,10.0,א,192,סקר הוראה סטודיו - א תשפד,6.7,7.0,6.5,6.8,192,17,10,58.824,0,1,"0,1"
2,4501241,מבוא לעיצוב תעשייתי בסיסי 1,10.0,א,192,סקר הוראה סטודיו - א תשפד,4.875,5.71428571428571,6.14285714285714,5.5,192,16,8,50.0,2,2,"2,2"
2,4501241,מבוא לעיצוב תעשייתי בסיסי 1,10.0,א,192,סקר הוראה סטודיו - א תשפד,4.54545454545455,5.7,6.09090909090909,6.7,192,16,11,68.75,2,2,"2,2"
2,4501243,גרפיקה הנדסית 1,10.0,א,192,סקר הוראה סטודיו - א תשפד,7.0,6.5,7.0,6.22222222222222,192,11,10,90.909,0,1,"0,1"
2,4501901,סדנא,13.0,א,192,סקר הוראה סטודיו - א תשפד,6.33333333333333,5.8,6.33333333333333,5.1,192,16,10,62.5,2,2,"2,2"
2,4502166,סטודיו עיצוב קרמי 1,10.0,א,192,סקר הוראה סטודיו - א תשפד,6.44444444444444,6.33333333333333,6.0,5.44444444444444,192,20,9,45.0,0,1,"0,1"
2,4502166,סטודיו עיצוב קרמי 1,10.0,א,192,סקר הוראה סטודיו - א תשפד,6.4,6.1,6.8,5.7,192,20,10,50.0,0,1,"0,1"
2,4502215,סוליד 2,10.0,א,192,סקר הוראה סטודיו - א תשפד,6.2,4.6,6.8,4.75,192,19,5,26.316,2,2,"2,2"
2,4502215,סוליד 2,10.0,א,192,סקר הוראה סטודיו - א תשפד,6.4,5.0,6.8,4.5,192,19,5,26.316,2,2,"2,2"
2,4503113,סטודיו ריהוט,10.0,א,192,סקר הוראה סטודיו - א תשפד,6.28571428571429,6.28571428571429,6.28571428571429,5.71428571428571,192,21,7,33.333,0,1,"0,1"
2,4503113,סטודיו ריהוט,10.0,א,192,סקר הוראה סטודיו - א תשפד,5.0,6.2,6.4,5.6,192,21,5,23.81,2,2,"2,2"
2,4503160,סטודיו בחירה - מעצב- יוצר-מייצר,10.0,א,190,סקר הוראה שיעור (עיצוב) - א תשפד,7.0,7.0,7.0,6.0,190,8,1,12.5,0,1,"0,1"
2,4503226,הדמיות דיגיטליות,10.0,א,192,סקר הוראה סטודיו - א תשפד,6.4,5.8,6.4,5.8,192,17,5,29.412,0,1,"0,1"
2,4503447,עיצוב תעשייתי מתקדם,10.0,א,192,סקר הוראה סטודיו - א תשפד,3.66666666666667,4.0,3.33333333333333,3.83333333333333,192,16,6,37.5,1,3,"1,3"
2,4503447,עיצוב תעשייתי מתקדם,10.0,א,192,סקר הוראה סטודיו - א תשפד,5.5,5.0,5.25,4.25,192,16,4,25.0,2,2,"2,2"
2,4601150,הכשרה בסדנת עיצוב  עץ מתכת,13.0,א,192,סקר הוראה סטודיו - א תשפד,6.6,5.86363636363636,6.65,5.86363636363636,192,29,22,75.862,0,1,"0,1"
2,4601215,סטודיו 1,13.0,א,192,סקר הוראה סטודיו - א תשפד,6.0,6.28571428571429,6.33333333333333,6.66666666666667,192,30,21,70.0,0,1,"0,1"
2,4601215,סטודיו 1,13.0,א,192,סקר הוראה סטודיו - א תשפד,5.33333333333333,6.13636363636364,6.63636363636364,6.86363636363636,192,30,24,80.0,0,1,"0,1"
2,4601236,חשיבה גרפית 1,13.0,א,192,סקר הוראה סטודיו - א תשפד,6.5,6.23076923076923,6.46153846153846,6.66666666666667,192,16,14,87.5,0,1,"0,1"
2,4601241,עיצוב בסיסי 1,15.0,א,192,סקר הוראה סטודיו - א תשפד,4.61111111111111,4.33333333333333,5.22222222222222,4.88888888888889,192,32,18,56.25,2,3,"2,3"
2,4601241,עיצוב בסיסי 1,10.0,א,192,סקר הוראה סטודיו - א תשפד,5.10526315789474,4.15789473684211,5.68421052631579,4.89473684210526,192,32,19,59.375,2,2,"2,2"
2,4602215,סטודיו 3,13.0,א,192,סקר הוראה סטודיו - א תשפד,6.375,5.875,6.5,6.25,192,33,8,24.242,0,1,"0,1"
2,4602215,סטודיו 3,13.0,א,192,סקר הוראה סטודיו - א תשפד,4.625,4.375,6.0,5.75,192,33,8,24.242,2,2,"2,2"
2,4602215,סטודיו 3,13.0,א,192,סקר הוראה סטודיו - א תשפד,4.33333333333333,4.66666666666667,3.33333333333333,4.66666666666667,192,33,3,9.091,1,3,"1,3"
2,4603215,סטודיו 5,13.0,א,192,סקר הוראה סטודיו - א תשפד,2.85714285714286,3.0,3.42857142857143,3.57142857142857,192,32,14,43.75,1,3,"1,3"
2,4603215,סטודיו 5,13.0,א,192,סקר הוראה סטודיו - א תשפד,3.90909090909091,3.63636363636364,3.90909090909091,4.27272727272727,192,32,11,34.375,1,3,"1,3"
2,4603802,המבנה ומרכיביו 1,13.0,א,192,סקר הוראה סטודיו - א תשפד,6.0,5.83333333333333,6.5,6.0,192,17,6,35.294,0,1,"0,1"
2,4701115,פורום א-2,15.0,א,190,סקר הוראה שיעור (עיצוב) - א תשפד,5.66666666666667,6.16666666666667,6.58333333333333,6.16666666666667,190,20,12,60.0,0,1,"0,1"
2,4701224,ציור א2,15.0,א,192,סקר הוראה סטודיו - א תשפד,6.75,6.6875,6.9375,6.25,192,21,16,76.19,0,1,"0,1"
2,4701224,ציור א2,15.0,א,192,סקר הוראה סטודיו - א תשפד,6.76923076923077,6.66666666666667,6.92857142857143,6.30769230769231,192,21,14,66.667,0,1,"0,1"
2,4701300,"יסודות: צורה, איזון, מתח",15.0,א,192,סקר הוראה סטודיו - א תשפד,5.5,6.375,6.875,6.75,192,15,8,53.333,0,1,"0,1"
2,4701308,הפייפליין - בלנדר,15.0,א,192,סקר הוראה סטודיו - א תשפד,5.375,5.5,6.75,5.625,192,17,8,47.059,2,2,"2,2"
2,4701311,הפייפליין 1,15.0,א,192,סקר הוראה סטודיו - א תשפד,5.7,5.6,6.0,5.9,192,17,10,58.824,2,2,"2,2"
2,4702117,פורום ב-2,15.0,א,190,סקר הוראה שיעור (עיצוב) - א תשפד,6.0,6.1,6.2,5.8,190,14,10,71.429,0,1,"0,1"
2,4703115,פורום ג-1,15.0,א,190,סקר הוראה שיעור (עיצוב) - א תשפד,5.2,5.2,6.2,5.4,190,16,5,31.25,2,2,"2,2"
3,3100568,מבני נתונים ואלגוריתמים-תרגיל,70.0,א,191,סקר הוראה תרגול - א תשפד,6.9,6.8,6.9,7.0,191,41,10,24.39,0,1,"0,1"
3,3102524,בסיסי נתונים-תרגיל,1.0,א,191,סקר הוראה תרגול - א תשפד,7.0,7.0,6.8,7.0,191,24,10,41.667,0,1,"0,1"
3,3102550,סטטיסטיקה 1-תרגיל,1.0,א,191,סקר הוראה תרגול - א תשפד,6.63636363636364,6.90909090909091,6.27272727272727,6.81818181818182,191,38,11,28.947,0,1,"0,1"
3,3102551,יסודות החשבונאות-תרגיל,1.0,א,191,סקר הוראה תרגול - א תשפד,5.33333333333333,5.0,5.66666666666667,5.33333333333333,191,42,3,7.143,2,2,"2,2"
3,3103558,סימולציה-תרגיל,1.0,א,191,סקר הוראה תרגול - א תשפד,6.25,6.0,7.0,5.5,191,22,4,18.182,0,1,"0,1"
3,3501501,מערכות ספרתיות - תרגיל,7.0,א,191,סקר הוראה תרגול - א תשפד,6.58333333333333,6.91666666666667,6.83333333333333,6.75,191,18,12,66.667,0,1,"0,1"
3,3501565,תכנות 1 - תרגיל,7.0,א,191,סקר הוראה תרגול - א תשפד,5.5,4.625,5.75,4.75,191,12,8,66.667,2,2,"2,2"
3,3502510,מבני נתונים-תרגיל,7.0,א,191,סקר הוראה תרגול - א תשפד,6.8,6.86666666666667,6.8,6.46666666666667,191,26,15,57.692,0,1,"0,1"
3,3502562,תכנות 3 - תרגיל,7.0,א,191,סקר הוראה תרגול - א תשפד,6.5,6.33333333333333,6.33333333333333,6.33333333333333,191,17,6,35.294,0,1,"0,1"
3,3900500,"חדו""א 0-תרגיל",70.0,א,191,סקר הוראה תרגול - א תשפד,6.44444444444444,6.37037037037037,6.44444444444444,6.48148148148148,191,39,27,69.231,0,1,"0,1"
3,3900501,"חדו""א 1-תרגיל",70.0,א,191,סקר הוראה תרגול - א תשפד,5.53846153846154,4.84615384615385,6.61538461538462,5.30769230769231,191,33,13,39.394,2,2,"2,2"
3,3900510,פיסיקה 0-תרגיל (סינכרוני),70.0,א,191,סקר הוראה תרגול - א תשפד,6.04,5.92,6.28,5.6,191,37,25,67.568,2,2,"2,2"
3,3900511,פיסיקה 1 (מכניקה)-תרגיל,70.0,א,191,סקר הוראה תרגול - א תשפד,4.5,2.5,5.75,4.0,191,27,4,14.815,1,3,"1,3"
3,3902520,אלגברה לינארית-תרגיל,70.0,א,191,סקר הוראה תרגול - א תשפד,5.30769230769231,4.30769230769231,6.23076923076923,5.69230769230769,191,32,13,40.625,2,2,"2,2"
3,4046205,כתיבה יוצרת,80.0,א,190,סקר הוראה שיעור (עיצוב) - א תשפד,6.5,6.07142857142857,6.57142857142857,6.42857142857143,190,21,14,66.667,0,1,"0,1"
3,4101101,איורי אופנה 1,4.0,א,192,סקר הוראה סטודיו - א תשפד,6.63636363636364,5.72727272727273,6.54545454545455,5.63636363636364,192,17,11,64.706,0,1,"0,1"
3,4101103,פוטושופ,4.0,א,192,סקר הוראה סטודיו - א תשפד,3.58333333333333,3.33333333333333,2.75,3.0,192,17,12,70.588,1,3,"1,3"
3,4101106,איור טכני,4.0,א,192,סקר הוראה סטודיו - א תשפד,6.21428571428571,5.21428571428571,6.28571428571429,4.78571428571429,192,17,14,82.353,2,2,"2,2"
3,4101118,רישום עירום,4.0,א,192,סקר הוראה סטודיו - א תשפד,5.1,4.2,6.1,5.5,192,17,10,58.824,2,2,"2,2"
3,4102202,איורי אופנה 3,4.0,א,192,סקר הוראה סטודיו - א תשפד,6.55555555555556,6.11111111111111,6.77777777777778,6.44444444444444,192,16,9,56.25,0,1,"0,1"
3,4102214,דיגום חופשי 3,4.0,א,192,סקר הוראה סטודיו - א תשפד,6.22222222222222,6.22222222222222,6.11111111111111,5.44444444444444,192,16,9,56.25,0,1,"0,1"
3,4102235,תדמיתנות בעולם הדיגיטלי,4.0,א,192,סקר הוראה סטודיו - א תשפד,6.22222222222222,5.55555555555556,5.88888888888889,5.11111111111111,192,16,9,56.25,2,2,"2,2"
3,4111677,מבוא לפרוייקטים,4.0,א,192,סקר הוראה סטודיו - א תשפד,5.14285714285714,5.57142857142857,6.57142857142857,5.85714285714286,192,13,7,53.846,2,2,"2,2"
3,4111682,דיגום חופשי 1,4.0,א,192,סקר הוראה סטודיו - א תשפד,5.90909090909091,5.72727272727273,5.54545454545455,5.18181818181818,192,17,11,64.706,2,2,"2,2"
3,4111684,קו ותפר 1,4.0,א,192,סקר הוראה סטודיו - א תשפד,6.0,6.5,6.16666666666667,5.16666666666667,192,12,6,50.0,2,1,"2,1"
3,4112652,פרויקט הסטוריה של הלבוש,4.0,א,192,סקר הוראה סטודיו - א תשפד,5.41666666666667,5.58333333333333,5.66666666666667,5.5,192,17,12,70.588,2,2,"2,2"
3,4401207,רישום 1,15.0,א,192,סקר הוראה סטודיו - א תשפד,6.15789473684211,5.82352941176471,6.42105263157895,5.77777777777778,192,24,19,79.167,0,1,"0,1"
3,4401220,עיצוב גרפי 1,12.0,א,192,סקר הוראה סטודיו - א תשפד,5.5,6.3,6.25,6.65,192,24,20,83.333,0,1,"0,1"
3,4401223,טיפוגרפיה 1,12.0,א,192,סקר הוראה סטודיו - א תשפד,5.58823529411765,5.35294117647059,6.58823529411765,5.76470588235294,192,24,17,70.833,2,2,"2,2"
3,4401225,מבוא לאיור 1,12.0,א,192,סקר הוראה סטודיו - א תשפד,6.84210526315789,6.89473684210526,7.0,7.0,192,24,19,79.167,0,1,"0,1"
3,4401229,העברת מסר,12.0,א,192,סקר הוראה סטודיו - א תשפד,3.9,4.85,6.47368421052632,5.26315789473684,192,24,20,83.333,2,2,"2,2"
3,4412220,טיפוגרפיה 3,12.0,א,192,סקר הוראה סטודיו - א תשפד,5.8125,5.25,6.1875,6.0,192,25,16,64.0,2,2,"2,2"
3,4412225,המעצב כיוצר דימוי,12.0,א,192,סקר הוראה סטודיו - א תשפד,3.53333333333333,3.0,5.46666666666667,4.53333333333333,192,24,15,62.5,1,3,"1,3"
3,4412228,וידיאו למעצבים,12.0,א,192,סקר הוראה סטודיו - א תשפד,6.57142857142857,6.64285714285714,6.64285714285714,6.42857142857143,192,23,14,60.87,0,1,"0,1"
3,4412242,מבוא לאנימציה,12.0,א,192,סקר הוראה סטודיו - א תשפד,6.35714285714286,6.14285714285714,6.85714285714286,6.42857142857143,192,24,14,58.333,0,1,"0,1"
3,4412304,מחשב:  אינדיזיין,12.0,א,192,סקר הוראה סטודיו - א תשפד,6.57142857142857,5.85714285714286,6.57142857142857,5.35714285714286,192,23,14,60.87,0,1,"0,1"
3,4412305,מחשב: אפטר אפקטס,12.0,א,192,סקר הוראה סטודיו - א תשפד,6.53333333333333,5.93333333333333,6.57142857142857,5.6,192,24,15,62.5,0,1,"0,1"
3,4452001,אינטראקטיב 2,12.0,א,192,סקר הוראה סטודיו - א תשפד,5.4375,5.0,6.375,5.8125,192,24,16,66.667,2,2,"2,2"
3,4501243,גרפיקה הנדסית 1,10.0,א,192,סקר הוראה סטודיו - א תשפד,5.66666666666667,5.0,6.16666666666667,4.16666666666667,192,11,6,54.545,2,2,"2,2"
3,4601236,חשיבה גרפית 1,13.0,א,192,סקר הוראה סטודיו - א תשפד,6.81818181818182,6.72727272727273,6.90909090909091,6.27272727272727,192,15,11,73.333,0,1,"0,1"
3,4603802,המבנה ומרכיביו 1,13.0,א,192,סקר הוראה סטודיו - א תשפד,6.0,4.75,6.0,5.2,192,15,5,33.333,2,2,"2,2"
3,4701115,פורום א-3,15.0,א,190,סקר הוראה שיעור (עיצוב) - א תשפד,4.6,4.7,6.3,5.0,190,17,10,58.824,2,2,"2,2"
3,4701300,"יסודות: צורה, איזון, מתח",15.0,א,192,סקר הוראה סטודיו - א תשפד,6.84615384615385,6.0,6.92307692307692,6.46153846153846,192,18,13,72.222,0,1,"0,1"
3,4701308,הפייפליין - בלנדר,15.0,א,192,סקר הוראה סטודיו - א תשפד,6.57142857142857,6.0,6.85714285714286,6.14285714285714,192,17,14,82.353,0,1,"0,1"
3,4701311,הפייפליין 1,15.0,א,192,סקר הוראה סטודיו - א תשפד,6.0,5.22222222222222,5.88888888888889,5.22222222222222,192,18,9,50.0,2,2,"2,2"
3,4702117,פורום  ב-3,15.0,א,190,סקר הוראה שיעור (עיצוב) - א תשפד,3.875,4.0,5.375,4.5,190,13,8,61.538,1,3,"1,3"
4,3102524,בסיסי נתונים-תרגיל,1.0,א,191,סקר הוראה תרגול - א תשפד,6.83333333333333,6.83333333333333,7.0,7.0,191,20,6,30.0,0,1,"0,1"
4,3102550,סטטיסטיקה 1-תרגיל,1.0,א,191,סקר הוראה תרגול - א תשפד,5.55555555555556,5.77777777777778,5.55555555555556,6.0,191,41,9,21.951,2,2,"2,2"
4,3102551,יסודות החשבונאות-תרגיל,1.0,א,191,סקר הוראה תרגול - א תשפד,6.0,7.0,6.0,6.25,191,31,4,12.903,0,1,"0,1"
4,3104510,מערכי תפעול ושירות-תרגיל,1.0,א,191,סקר הוראה תרגול - א תשפד,7.0,7.0,7.0,7.0,191,36,2,5.556,0,1,"0,1"
4,3900510,פיסיקה 0-תרגיל,70.0,א,191,סקר הוראה תרגול - א תשפד,6.09090909090909,6.13636363636364,5.95454545454545,6.04545454545455,191,38,22,57.895,0,1,"0,1"
4,3900511,פיסיקה 1 (מכניקה)-תרגיל,70.0,א,191,סקר הוראה תרגול - א תשפד,6.66666666666667,6.76190476190476,6.71428571428571,6.65,191,34,21,61.765,0,1,"0,1"
4,3902520,אלגברה לינארית-תרגיל,70.0,א,191,סקר הוראה תרגול - א תשפד,5.0,4.83333333333333,6.66666666666667,6.16666666666667,191,36,6,16.667,2,2,"2,2"
4,4111677,מבוא לפרוייקטים,4.0,א,192,סקר הוראה סטודיו - א תשפד,5.36363636363636,6.45454545454545,5.9,6.6,192,14,11,78.571,0,1,"0,1"
4,4111684,קו ותפר 1,4.0,א,192,סקר הוראה סטודיו - א תשפד,6.5,6.5,6.25,5.375,192,10,8,80.0,0,1,"0,1"
4,4401207,רישום 1,15.0,א,192,סקר הוראה סטודיו - א תשפד,5.21052631578947,5.63157894736842,5.61111111111111,4.31578947368421,192,24,19,79.167,2,2,"2,2"
4,4401220,עיצוב גרפי 1,12.0,א,192,סקר הוראה סטודיו - א תשפד,3.6,5.28571428571429,5.57142857142857,5.64285714285714,192,24,15,62.5,2,2,"2,2"
4,4401223,טיפוגרפיה 1,12.0,א,192,סקר הוראה סטודיו - א תשפד,6.55,6.6,6.65,6.7,192,24,20,83.333,0,1,"0,1"
4,4401225,מבוא לאיור 1,12.0,א,192,סקר הוראה סטודיו - א תשפד,6.85714285714286,6.92857142857143,6.92857142857143,7.0,192,24,14,58.333,0,1,"0,1"
4,4401229,העברת מסר,12.0,א,192,סקר הוראה סטודיו - א תשפד,6.0,5.53333333333333,6.5,6.4,192,24,15,62.5,0,1,"0,1"
4,4412220,טיפוגרפיה 3,12.0,א,192,סקר הוראה סטודיו - א תשפד,6.76923076923077,6.69230769230769,7.0,6.61538461538462,192,24,13,54.167,0,1,"0,1"
4,4412225,המעצב כיוצר דימוי,12.0,א,192,סקר הוראה סטודיו - א תשפד,4.33333333333333,3.83333333333333,5.90909090909091,5.66666666666667,192,25,12,48.0,2,2,"2,2"
4,4412228,וידיאו למעצבים,12.0,א,192,סקר הוראה סטודיו - א תשפד,6.52941176470588,6.23529411764706,6.88235294117647,6.47058823529412,192,25,17,68.0,0,1,"0,1"
4,4412242,מבוא לאנימציה,12.0,א,192,סקר הוראה סטודיו - א תשפד,6.375,6.125,6.75,6.25,192,25,8,32.0,0,1,"0,1"
4,4412304,מחשב:  אינדיזיין,12.0,א,192,סקר הוראה סטודיו - א תשפד,6.71428571428571,4.0,6.14285714285714,3.71428571428571,192,25,7,28.0,2,2,"2,2"
4,4412305,מחשב: אפטר אפקטס,12.0,א,192,סקר הוראה סטודיו - א תשפד,7.0,6.25,7.0,6.25,192,24,4,16.667,0,1,"0,1"
4,4452001,אינטראקטיב 2,12.0,א,192,סקר הוראה סטודיו - א תשפד,6.78571428571429,6.57142857142857,6.92857142857143,6.42857142857143,192,25,14,56.0,0,1,"0,1"
4,4601236,חשיבה גרפית 1,13.0,א,192,סקר הוראה סטודיו - א תשפד,6.16666666666667,6.16666666666667,6.5,6.0,192,15,12,80.0,0,1,"0,1"
4,4603802,המבנה ומרכיביו 1,13.0,א,192,סקר הוראה סטודיו - א תשפד,4.25,4.16666666666667,3.83333333333333,3.58333333333333,192,17,12,70.588,1,3,"1,3"
4,4701115,פורום  א - 4,15.0,א,190,סקר הוראה שיעור (עיצוב) - א תשפד,6.25,5.66666666666667,6.58333333333333,5.91666666666667,190,17,12,70.588,0,1,"0,1"
4,4701300,"יסודות: צורה, איזון, מתח",15.0,א,192,סקר הוראה סטודיו - א תשפד,5.22222222222222,4.3,5.22222222222222,4.44444444444444,192,18,10,55.556,2,3,"2,3"
4,4701308,הפייפליין - בלנדר,15.0,א,192,סקר הוראה סטודיו - א תשפד,6.14285714285714,6.0,6.5,6.0,192,15,8,53.333,0,1,"0,1"
4,4701311,הפייפליין 1,15.0,א,192,סקר הוראה סטודיו - א תשפד,6.55555555555556,6.11111111111111,6.55555555555556,6.11111111111111,192,15,9,60.0,0,1,"0,1"
5,3102550,סטטיסטיקה 1-תרגיל,1.0,א,191,סקר הוראה תרגול - א תשפד,7.0,6.94117647058824,7.0,6.875,191,48,17,35.417,0,1,"0,1"
5,3103558,סימולציה-תרגיל,1.0,א,191,סקר הוראה תרגול - א תשפד,7.0,7.0,7.0,4.5,191,35,2,5.714,0,2,"0,2"
5,3900501,"חדו""א 1-תרגיל",70.0,א,191,סקר הוראה תרגול - א תשפד,7.0,7.0,7.0,7.0,191,7,3,42.857,0,1,"0,1"
5,3900511,פיסיקה 1 (מכניקה)-תרגיל,70.0,א,191,סקר הוראה תרגול - א תשפד,5.14285714285714,5.28571428571429,6.71428571428571,4.5,191,19,7,36.842,2,2,"2,2"
5,3902520,אלגברה לינארית-תרגיל,70.0,א,191,סקר הוראה תרגול - א תשפד,4.5,4.75,5.5,4.25,191,34,4,11.765,2,2,"2,2"
5,4111684,קו ותפר 1,4.0,א,192,סקר הוראה סטודיו - א תשפד,6.81818181818182,6.5,6.83333333333333,5.66666666666667,192,12,12,100.0,0,1,"0,1"
5,4401207,רישום 1,12.0,א,192,סקר הוראה סטודיו - א תשפד,6.33333333333333,6.4,6.86666666666667,6.14285714285714,192,24,15,62.5,0,1,"0,1"
5,4401220,עיצוב גרפי 1,12.0,א,192,סקר הוראה סטודיו - א תשפד,6.54545454545455,6.63636363636364,6.86363636363636,6.72727272727273,192,24,22,91.667,0,1,"0,1"
5,4401223,טיפוגרפיה 1,12.0,א,192,סקר הוראה סטודיו - א תשפד,6.13333333333333,6.06666666666667,6.33333333333333,6.26666666666667,192,24,15,62.5,0,1,"0,1"
5,4401225,מבוא לאיור 1,12.0,א,192,סקר הוראה סטודיו - א תשפד,6.25,6.625,6.6875,6.4375,192,24,16,66.667,0,1,"0,1"
5,4401229,העברת מסר,12.0,א,192,סקר הוראה סטודיו - א תשפד,3.93333333333333,3.73333333333333,5.46666666666667,5.33333333333333,192,24,15,62.5,2,2,"2,2"
5,4412220,טיפוגרפיה 3,12.0,א,192,סקר הוראה סטודיו - א תשפד,6.42857142857143,5.57142857142857,6.28571428571429,5.15384615384615,192,22,14,63.636,2,2,"2,2"
5,4412225,המעצב כיוצר דימוי,12.0,א,192,סקר הוראה סטודיו - א תשפד,6.09090909090909,6.54545454545455,6.54545454545455,6.63636363636364,192,22,11,50.0,0,1,"0,1"
5,4412228,וידיאו למעצבים,12.0,א,192,סקר הוראה סטודיו - א תשפד,4.875,4.625,6.25,6.125,192,23,8,34.783,2,2,"2,2"
5,4412242,מבוא לאנימציה,12.0,א,192,סקר הוראה סטודיו - א תשפד,6.0,6.125,6.0,6.375,192,23,8,34.783,0,1,"0,1"
5,4412304,מחשב:  אינדיזיין,12.0,א,192,סקר הוראה סטודיו - א תשפד,5.66666666666667,4.88888888888889,6.44444444444444,4.22222222222222,192,23,9,39.13,2,2,"2,2"
5,4412305,מחשב: אפטר אפקטס,12.0,א,192,סקר הוראה סטודיו - א תשפד,5.15384615384615,3.92307692307692,5.07692307692308,4.38461538461539,192,23,13,56.522,2,3,"2,3"
5,4452001,אינטראקטיב 2,12.0,א,192,סקר הוראה סטודיו - א תשפד,4.55555555555556,4.66666666666667,5.77777777777778,4.55555555555556,192,24,9,37.5,2,2,"2,2"
6,3900501,"חדו""א 1-תרגיל",70.0,א,191,סקר הוראה תרגול - א תשפד,5.375,5.375,5.25,5.5,191,13,8,61.538,2,2,"2,2"
6,3900511,פיסיקה 1 (מכניקה)-תרגיל,70.0,א,191,סקר הוראה תרגול - א תשפד,5.71428571428571,6.57142857142857,5.14285714285714,5.71428571428571,191,18,7,38.889,2,1,"2,1"
6,3902520,אלגברה לינארית-תרגיל,70.0,א,191,סקר הוראה תרגול - א תשפד,6.11538461538462,5.96296296296296,6.62962962962963,6.07407407407407,191,54,27,50.0,0,1,"0,1"
11,1000100,אנגלית טרום בסיסי,50.0,א,188,משוב הוראה אנגלית מרוכז,7.0,5.8,7.0,5.6,188,37,5,13.514,0,1,"0,1"
11,1000101,אנגלית בסיסי,50.0,א,188,משוב הוראה אנגלית מרוכז,6.85,6.89473684210526,6.94736842105263,6.84210526315789,188,29,20,68.966,0,1,"0,1"
11,1000102,אנגלית מתקדמים א,50.0,א,188,משוב הוראה אנגלית מרוכז,6.63636363636364,5.54545454545455,6.90909090909091,5.63636363636364,188,64,11,17.188,0,1,"0,1"
11,1000103,אנגלית מתקדמים ב,50.0,א,188,משוב הוראה אנגלית מרוכז,6.88888888888889,6.86486486486486,6.97222222222222,6.59459459459459,188,69,37,53.623,0,1,"0,1"
12,1000103,אנגלית מתקדמים ב,1.0,א,188,משוב הוראה אנגלית מרוכז,6.42105263157895,5.65789473684211,6.69444444444444,5.54054054054054,188,59,38,64.407,0,1,"0,1"
13,1000103,אנגלית מתקדמים ב,50.0,א,188,משוב הוראה אנגלית מרוכז,6.91304347826087,6.91304347826087,6.95652173913043,6.91304347826087,188,66,23,34.848,0,1,"0,1"
50,4004508,פרוסמינריון הנסתר והגלוי במעשה היצירה,60.0,ש,190,סקר הוראה שיעור (עיצוב) - א תשפד,6.625,6.25,6.5,6.375,190,21,8,38.095,0,1,"0,1"
50,4004508,פרוסמינריון הנסתר והגלוי במעשה היצירה,60.0,ש,199,סקר הוראה שיעור (עיצוב) - ב תשפד,5.25,5.5,5.28571428571429,6.0,199,21,8,38.095,2,2,"2,2"
50,4004515,"פרוסמינריון עיצוב הנורמליות: עיצוב,שיח ומבני כוח של מגדר וגזע",60.0,ש,190,סקר הוראה שיעור (עיצוב) - א תשפד,5.88888888888889,5.88888888888889,6.55555555555556,5.88888888888889,190,18,9,50.0,0,1,"0,1"
50,4004515,"פרוסמינריון עיצוב הנורמליות: עיצוב,שיח ומבני כוח של מגדר וגזע",60.0,ש,199,סקר הוראה שיעור (עיצוב) - ב תשפד,5.5,5.0,5.83333333333333,4.5,199,18,6,33.333,2,2,"2,2"
50,4004519,"פרוסימנריון כאן שוכנים דרקונים: אוריינטליזם, מיתוס ואסתטיקה בעולמות המד""ב והפנטזיה",60.0,ש,190,סקר הוראה שיעור (עיצוב) - א תשפד,6.85714285714286,6.85714285714286,6.85714285714286,6.78571428571429,190,19,14,73.684,0,1,"0,1"
50,4004519,"פרוסימנריון כאן שוכנים דרקונים: אוריינטליזם, מיתוס ואסתטיקה בעולמות המד""ב והפנטזיה",60.0,ש,199,סקר הוראה שיעור (עיצוב) - ב תשפד,6.4,6.6,6.6,6.53333333333333,199,19,15,78.947,0,1,"0,1"
50,4004520,פרוסמינריון פונקציונלי לימינלי,60.0,ש,190,סקר הוראה שיעור (עיצוב) - א תשפד,6.125,6.375,6.875,6.375,190,23,8,34.783,0,1,"0,1"
50,4004520,פרוסמינריון פונקציונלי לימינלי,60.0,ש,199,סקר הוראה שיעור (עיצוב) - ב תשפד,6.57142857142857,6.28571428571429,7.0,6.42857142857143,199,23,7,30.435,0,1,"0,1"
50,4004527,פרוסמינריון הבלון האדום,60.0,ש,190,סקר הוראה שיעור (עיצוב) - א תשפד,5.21428571428571,5.07142857142857,6.5,5.21428571428571,190,22,14,63.636,2,2,"2,2"
50,4004527,פרוסמינריון הבלון האדום,60.0,ש,199,סקר הוראה שיעור (עיצוב) - ב תשפד,5.6,4.6,6.3,4.3,199,22,10,45.455,2,2,"2,2"
50,4004530,פרוסמינריון מבוא ליצירה האפריקאית העכשווית,60.0,ש,190,סקר הוראה שיעור (עיצוב) - א תשפד,6.69230769230769,6.84615384615385,6.84615384615385,6.61538461538462,190,22,13,59.091,0,1,"0,1"
50,4004530,פרוסמינריון מבוא ליצירה האפריקאית העכשווית,60.0,ש,199,סקר הוראה שיעור (עיצוב) - ב תשפד,6.8125,6.625,6.875,6.5,199,22,16,72.727,0,1,"0,1"
50,4004533,פרוסמינריון הגדרות של אמנות ועיצוב,60.0,ש,190,סקר הוראה שיעור (עיצוב) - א תשפד,6.0,6.0,6.9,6.5,190,21,10,47.619,0,1,"0,1"
50,4004533,פרוסמינריון הגדרות של אמנות ועיצוב,60.0,ש,199,סקר הוראה שיעור (עיצוב) - ב תשפד,6.77777777777778,6.55555555555556,6.88888888888889,6.55555555555556,199,21,9,42.857,0,1,"0,1"
50,4004534,"פרוסמינריון העירום, הלבוש והגוף הקלאסיים",60.0,ש,190,סקר הוראה שיעור (עיצוב) - א תשפד,6.55555555555556,6.11111111111111,6.66666666666667,6.0,190,19,9,47.368,0,1,"0,1"
50,4004534,"פרוסמינריון העירום, הלבוש והגוף הקלאסיים",60.0,ש,199,סקר הוראה שיעור (עיצוב) - ב תשפד,6.33333333333333,6.16666666666667,6.66666666666667,6.33333333333333,199,19,12,63.158,0,1,"0,1"
50,4004535,פרוסמינריון מישהו בבית?,60.0,ש,190,סקר הוראה שיעור (עיצוב) - א תשפד,4.41666666666667,4.33333333333333,4.16666666666667,4.83333333333333,190,22,12,54.545,1,3,"1,3"
50,4004535,פרוסמינריון מישהו בבית?,60.0,ש,199,סקר הוראה שיעור (עיצוב) - ב תשפד,5.55555555555556,5.55555555555556,5.77777777777778,5.66666666666667,199,22,9,40.909,2,2,"2,2"
50,4004537,פרוסמינריון אמנות הלבוש והאופנה,60.0,ש,190,סקר הוראה שיעור (עיצוב) - א תשפד,5.33333333333333,5.25,4.75,5.41666666666667,190,21,12,57.143,2,2,"2,2"
50,4004537,פרוסמינריון אמנות הלבוש והאופנה,60.0,ש,199,סקר הוראה שיעור (עיצוב) - ב תשפד,4.5,5.2,5.0,5.1,199,21,10,47.619,2,3,"2,3"
50,4004538,פרוסמינריון אוכלים בעיניים: ארוטיקה של אוכל בתרבות החזותית,60.0,ש,190,סקר הוראה שיעור (עיצוב) - א תשפד,5.90909090909091,5.81818181818182,6.27272727272727,5.63636363636364,190,22,11,50.0,2,2,"2,2"
50,4004538,פרוסמינריון אוכלים בעיניים: ארוטיקה של אוכל בתרבות החזותית,60.0,ש,199,סקר הוראה שיעור (עיצוב) - ב תשפד,5.81818181818182,5.81818181818182,6.0,5.63636363636364,199,22,11,50.0,2,1,"2,1"
50,4004539,פרוסמינריון חיים דיגיטליים בעולם אנלוגי,60.0,ש,190,סקר הוראה שיעור (עיצוב) - א תשפד,4.78947368421053,4.73684210526316,5.78947368421053,4.89473684210526,190,23,19,82.609,2,2,"2,2"
50,4004539,פרוסמינריון חיים דיגיטליים בעולם אנלוגי,60.0,ש,199,סקר הוראה שיעור (עיצוב) - ב תשפד,4.33333333333333,4.5,5.9,4.4,199,23,10,43.478,2,2,"2,2"
50,4004540,"פרוסמינריון זרים ומוזרים בעולם הקלאסי: קנטאורים,ברברים ואמזונות",60.0,ש,190,סקר הוראה שיעור (עיצוב) - א תשפד,6.0,6.0,6.8125,5.8125,190,24,16,66.667,0,1,"0,1"
50,4004540,"פרוסמינריון זרים ומוזרים בעולם הקלאסי: קנטאורים,ברברים ואמזונות",60.0,ש,199,סקר הוראה שיעור (עיצוב) - ב תשפד,6.54545454545455,6.18181818181818,7.0,6.09090909090909,199,24,11,45.833,0,1,"0,1"
50,4004541,פרוסמינריון עיצוב ביולוגיה ומדע,60.0,ש,190,סקר הוראה שיעור (עיצוב) - א תשפד,2.8,2.2,4.8,2.6,190,24,5,20.833,1,3,"1,3"
50,4004541,פרוסמינריון עיצוב ביולוגיה ומדע,60.0,ש,199,סקר הוראה שיעור (עיצוב) - ב תשפד,3.22222222222222,3.66666666666667,4.11111111111111,3.77777777777778,199,24,9,37.5,1,3,"1,3"
50,4004542,פרוסמינריון גזע ומגדר בתרבות חזותית עכשווית,60.0,ש,190,סקר הוראה שיעור (עיצוב) - א תשפד,5.6,5.5,6.1,5.2,190,23,10,43.478,2,2,"2,2"
50,4004542,פרוסמינריון גזע ומגדר בתרבות חזותית עכשווית,60.0,ש,199,סקר הוראה שיעור (עיצוב) - ב תשפד,5.0,5.33333333333333,6.44444444444444,5.44444444444444,199,23,9,39.13,2,2,"2,2"
50,4004543,פרוסמינריון אגדות אמתיות והמדומיין התרבותי,60.0,ש,190,סקר הוראה שיעור (עיצוב) - א תשפד,5.875,6.25,6.375,6.125,190,13,8,61.538,0,1,"0,1"
50,4004543,פרוסמינריון אגדות אמתיות והמדומיין התרבותי,60.0,ש,199,סקר הוראה שיעור (עיצוב) - ב תשפד,5.875,5.55555555555556,6.25,5.77777777777778,199,13,9,69.231,2,2,"2,2"
50,4042702,עבודת גמר עיונית,60.0,ש,190,סקר הוראה שיעור (עיצוב) - א תשפד,6.9,6.9,7.0,7.0,190,24,10,41.667,0,1,"0,1"
50,4042702,עבודת גמר עיונית,60.0,ש,199,סקר הוראה שיעור (עיצוב) - ב תשפד,6.5,7.0,6.75,7.0,199,24,4,16.667,0,1,"0,1"
50,4043702,עבודת גמר עיונית,60.0,ש,190,סקר הוראה שיעור (עיצוב) - א תשפד,5.0,5.0,5.0,6.0,190,19,1,5.263,2,2,"2,2"
50,4043702,עבודת גמר עיונית,60.0,ש,199,סקר הוראה שיעור (עיצוב) - ב תשפד,2.77777777777778,3.25,3.44444444444444,3.25,199,19,9,47.368,1,3,"1,3"
50,4047702,עבודת גמר עיונית,60.0,ש,190,סקר הוראה שיעור (עיצוב) - א תשפד,6.0,5.83333333333333,5.83333333333333,5.66666666666667,190,13,6,46.154,2,1,"2,1"
50,4047702,עבודת גמר עיונית,60.0,ש,199,סקר הוראה שיעור (עיצוב) - ב תשפד,4.66666666666667,4.6,5.16666666666667,5.33333333333333,199,13,6,46.154,2,3,"2,3"
50,4204500,סטודיו פרויקט גמר,5.0,ש,201,סקר הוראה סטודיו - ב תשפד,7.0,7.0,7.0,7.0,201,24,1,4.167,0,1,"0,1"
50,4204500,סטודיו פרויקט גמר,5.0,ש,201,סקר הוראה סטודיו - ב תשפד,7.0,7.0,7.0,7.0,201,24,1,4.167,0,1,"0,1"
50,4204500,סטודיו פרויקט גמר,5.0,ש,201,סקר הוראה סטודיו - ב תשפד,6.0,6.0,6.0,6.0,201,24,1,4.167,0,1,"0,1"
50,4204500,סטודיו פרויקט גמר,5.0,ש,201,סקר הוראה סטודיו - ב תשפד,5.5,5.0,5.5,5.0,201,24,2,8.333,2,2,"2,2"
50,4204500,סטודיו פרויקט גמר,5.0,ש,201,סקר הוראה סטודיו - ב תשפד,7.0,6.5,7.0,5.5,201,24,2,8.333,0,1,"0,1"
50,4204500,סטודיו פרויקט גמר,5.0,ש,201,סקר הוראה סטודיו - ב תשפד,7.0,6.5,7.0,5.5,201,24,2,8.333,0,1,"0,1"
50,4304307,קצרים- מבוא לפרויקט גמר,8.0,ש,192,סקר הוראה סטודיו - א תשפד,6.2,6.0,6.8,6.4,192,17,5,29.412,0,1,"0,1"
50,4304307,קצרים- מבוא לפרויקט גמר,8.0,ש,201,סקר הוראה סטודיו - ב תשפד,6.55555555555556,5.33333333333333,6.77777777777778,5.88888888888889,201,17,9,52.941,0,1,"0,1"
50,4304307,קצרים- מבוא לפרויקט גמר,8.0,ש,192,סקר הוראה סטודיו - א תשפד,6.5,6.5,6.0,6.75,192,17,4,23.529,0,1,"0,1"
50,4304307,קצרים- מבוא לפרויקט גמר,8.0,ש,201,סקר הוראה סטודיו - ב תשפד,6.0,5.875,6.375,6.25,201,17,8,47.059,0,1,"0,1"
50,4501226,אילוסטרייטור ופוטושופ,10.0,ש,192,סקר הוראה סטודיו - א תשפד,5.25,5.27272727272727,6.27272727272727,5.9,192,16,12,75.0,2,2,"2,2"
50,4501226,אילוסטרייטור ופוטושופ,10.0,ש,201,סקר הוראה סטודיו - ב תשפד,6.14285714285714,6.0,6.57142857142857,6.57142857142857,201,16,7,43.75,0,1,"0,1"
50,4700417,טקסטיל,15.0,ש,192,סקר הוראה סטודיו - א תשפד,5.88888888888889,5.88888888888889,6.77777777777778,6.77777777777778,192,18,9,50.0,0,1,"0,1"
50,4700417,טקסטיל,15.0,ש,201,סקר הוראה סטודיו - ב תשפד,7.0,7.0,7.0,7.0,201,18,1,5.556,0,1,"0,1"
50,4700417,טקסטיל,15.0,ש,203,אמנות סטודיו - ב תשפד,5.875,5.625,6.25,6.125,203,18,8,44.444,2,2,"2,2"
50,4700417,טקסטיל,15.0,ש,192,סקר הוראה סטודיו - א תשפד,6.85714285714286,6.42857142857143,6.71428571428571,6.42857142857143,192,18,7,38.889,0,1,"0,1"
50,4700417,טקסטיל,15.0,ש,203,אמנות סטודיו - ב תשפד,6.8,6.4,7.0,6.8,203,18,5,27.778,0,1,"0,1"
50,4700605,וידאו ארט,15.0,ש,192,סקר הוראה סטודיו - א תשפד,6.0,6.33333333333333,6.5,6.5,192,11,6,54.545,0,1,"0,1"
50,4700605,וידאו ארט,15.0,ש,203,אמנות סטודיו - ב תשפד,6.5,6.75,6.75,6.75,203,11,4,36.364,0,1,"0,1"
50,4701233,הדפס א1,15.0,ש,192,סקר הוראה סטודיו - א תשפד,6.58823529411765,6.76470588235294,6.70588235294118,6.64705882352941,192,16,17,106.25,0,1,"0,1"
50,4701233,הדפס א1,15.0,ש,203,אמנות סטודיו - ב תשפד,6.58333333333333,6.66666666666667,7.0,6.66666666666667,203,16,12,75.0,0,1,"0,1"
50,4701233,הדפס א1,15.0,ש,192,סקר הוראה סטודיו - א תשפד,5.83333333333333,6.4,6.4,6.6,192,16,6,37.5,0,1,"0,1"
50,4701233,הדפס א1,15.0,ש,203,אמנות סטודיו - ב תשפד,6.33333333333333,6.66666666666667,6.5,6.5,203,16,6,37.5,0,1,"0,1"
50,4701233,הדפס א1,15.0,ש,192,סקר הוראה סטודיו - א תשפד,6.8,6.8,6.83333333333333,6.8,192,16,6,37.5,0,1,"0,1"
50,4701302,אנימציה,12.0,ש,192,סקר הוראה סטודיו - א תשפד,6.5,6.4,7.0,6.6,192,16,10,62.5,0,1,"0,1"
50,4701302,אנימציה,12.0,ש,203,אמנות סטודיו - ב תשפד,7.0,7.0,7.0,7.0,203,16,6,37.5,0,1,"0,1"
50,4701400,צילום,15.0,ש,192,סקר הוראה סטודיו - א תשפד,6.09090909090909,6.09090909090909,6.09090909090909,6.18181818181818,192,15,11,73.333,0,1,"0,1"
50,4701400,צילום,15.0,ש,203,אמנות סטודיו - ב תשפד,6.33333333333333,6.66666666666667,6.66666666666667,6.33333333333333,203,15,3,20.0,0,1,"0,1"
50,4701400,צילום,15.0,ש,192,סקר הוראה סטודיו - א תשפד,6.14285714285714,5.57142857142857,6.21428571428571,5.92857142857143,192,15,14,93.333,2,2,"2,2"
50,4701400,צילום,15.0,ש,203,אמנות סטודיו - ב תשפד,5.2,5.4,5.6,5.6,203,15,5,33.333,2,2,"2,2"
50,4701404,מיצב,15.0,ש,192,סקר הוראה סטודיו - א תשפד,6.11111111111111,5.77777777777778,6.11111111111111,6.66666666666667,192,16,9,56.25,0,1,"0,1"
50,4701404,מיצב,15.0,ש,201,סקר הוראה סטודיו - ב תשפד,5.0,5.0,6.0,6.0,201,16,1,6.25,2,2,"2,2"
50,4701404,מיצב,15.0,ש,203,אמנות סטודיו - ב תשפד,6.625,6.625,6.875,7.0,203,16,8,50.0,0,1,"0,1"
50,4701404,מיצב,15.0,ש,192,סקר הוראה סטודיו - א תשפד,6.41666666666667,6.25,6.5,6.66666666666667,192,16,12,75.0,0,1,"0,1"
50,4701404,מיצב,15.0,ש,201,סקר הוראה סטודיו - ב תשפד,5.0,5.0,6.0,6.0,201,16,1,6.25,2,2,"2,2"
50,4701404,מיצב,15.0,ש,203,אמנות סטודיו - ב תשפד,6.8,6.6,7.0,7.0,203,16,10,62.5,0,1,"0,1"
50,4702600,פרוסמינריון,60.0,ש,192,סקר הוראה סטודיו - א תשפד,6.22222222222222,5.55555555555556,5.88888888888889,4.875,192,13,9,69.231,2,2,"2,2"
50,4702600,פרוסמינריון,60.0,ש,204,אמנות שיעור - ב תשפד,6.0,5.0,6.5,5.5,204,13,2,15.385,2,2,"2,2"
50,4704600,תערוכת גמר,60.0,ש,201,סקר הוראה סטודיו - ב תשפד,5.0,4.0,7.0,5.0,201,27,1,3.704,2,2,"2,2"
50,4704600,תערוכת גמר,60.0,ש,203,אמנות סטודיו - ב תשפד,6.5,6.0,7.0,6.0,203,27,2,7.407,0,1,"0,1"
50,4704600,תערוכת גמר,15.0,ש,203,אמנות סטודיו - ב תשפד,4.0,4.5,4.0,5.5,203,27,2,7.407,1,3,"1,3"
50,4704600,תערוכת גמר,15.0,ש,201,סקר הוראה סטודיו - ב תשפד,6.0,5.0,6.0,6.0,201,27,1,3.704,2,2,"2,2"
50,4704600,תערוכת גמר,15.0,ש,203,אמנות סטודיו - ב תשפד,6.0,5.5,5.5,5.5,203,27,2,7.407,2,2,"2,2"
51,4047702,עבודת גמר עיונית,60.0,ש,190,סקר הוראה שיעור (עיצוב) - א תשפד,6.4,5.9,6.4,6.0,190,15,10,66.667,0,1,"0,1"
51,4047702,עבודת גמר עיונית,60.0,ש,199,סקר הוראה שיעור (עיצוב) - ב תשפד,6.28571428571429,6.85714285714286,6.85714285714286,6.57142857142857,199,15,7,46.667,0,1,"0,1"
51,4501226,אילוסטרייטור ופוטושופ,10.0,ש,192,סקר הוראה סטודיו - א תשפד,5.76470588235294,5.52941176470588,6.25,6.52941176470588,192,19,17,89.474,0,1,"0,1"
51,4501226,אילוסטרייטור ופוטושופ,10.0,ש,201,סקר הוראה סטודיו - ב תשפד,6.375,5.75,6.875,6.625,201,19,8,42.105,0,1,"0,1"
51,4701233,הדפס א2,15.0,ש,192,סקר הוראה סטודיו - א תשפד,6.2,6.4,6.8,6.4,192,14,5,35.714,0,1,"0,1"
51,4701233,הדפס א2,15.0,ש,201,סקר הוראה סטודיו - ב תשפד,5.0,6.0,5.0,6.0,201,14,1,7.143,2,2,"2,2"
51,4701233,הדפס א2,15.0,ש,203,אמנות סטודיו - ב תשפד,6.5,6.5,6.5,7.0,203,14,2,14.286,0,1,"0,1"
51,4701233,הדפס א2,15.0,ש,192,סקר הוראה סטודיו - א תשפד,6.7,6.8,6.6,6.9,192,14,10,71.429,0,1,"0,1"
51,4701233,הדפס א2,15.0,ש,201,סקר הוראה סטודיו - ב תשפד,7.0,7.0,6.0,7.0,201,14,1,7.143,0,1,"0,1"
51,4701233,הדפס א2,15.0,ש,203,אמנות סטודיו - ב תשפד,6.8,7.0,6.8,7.0,203,14,5,35.714,0,1,"0,1"
51,4702600,פרוסמינריון,60.0,ש,190,סקר הוראה שיעור (עיצוב) - א תשפד,6.25,6.25,7.0,6.375,190,12,8,66.667,0,1,"0,1"
51,4702600,פרוסמינריון,60.0,ש,199,סקר הוראה שיעור (עיצוב) - ב תשפד,7.0,7.0,7.0,7.0,199,12,1,8.333,0,1,"0,1"
51,4702600,פרוסמינריון,60.0,ש,204,אמנות שיעור - ב תשפד,5.66666666666667,6.0,5.66666666666667,5.33333333333333,204,12,3,25.0,2,2,"2,2"
52,4702600,פרוסמינריון,60.0,ש,192,סקר הוראה סטודיו - א תשפד,6.14285714285714,6.42857142857143,6.85714285714286,5.14285714285714,192,18,14,77.778,0,2,"0,2"
52,4702600,פרוסמינריון,60.0,ש,204,אמנות שיעור - ב תשפד,6.42857142857143,6.42857142857143,7.0,6.28571428571429,204,18,7,38.889,0,1,"0,1"
